Date,PETR4.SA_5%,PETR4.SA_50%,PETR4.SA_95%,ITUB4.SA_5%,ITUB4.SA_50%,ITUB4.SA_95%,PGCO34.SA_5%,PGCO34.SA_50%,PGCO34.SA_95%,AAPL34.SA_5%,AAPL34.SA_50%,AAPL34.SA_95%,AMZO34.SA_5%,AMZO34.SA_50%,AMZO34.SA_95%,^BVSP_5%,^BVSP_50%,^BVSP_95%
0,37.5041417600926,37.950239309809064,38.49574253852104,34.491578304301406,34.582420132613876,34.690965101759126,70.28369843136605,70.35095649182202,70.38655753567066,65.95517245910466,66.07998493485064,66.1355483471769,58.57968889277701,58.608638137670425,58.6700039476299,127732.76463441894,128401.5904928153,129111.37450436057
1,37.5041417600926,37.950239309809064,38.49574253852104,34.491578304301406,34.582420132613876,34.690965101759126,70.28369843136605,70.35095649182202,70.38655753567066,65.95517245910466,66.07998493485064,66.1355483471769,58.57968889277701,58.608638137670425,58.6700039476299,127732.76463441894,128401.5904928153,129111.37450436057
2,37.5041417600926,37.950239309809064,38.49574253852104,34.491578304301406,34.582420132613876,34.690965101759126,70.28369843136605,70.35095649182202,70.38655753567066,65.95517245910466,66.07998493485064,66.1355483471769,58.57968889277701,58.608638137670425,58.6700039476299,127732.76463441894,128401.5904928153,129111.37450436057
3,37.5041417600926,37.950239309809064,38.49574253852104,34.491578304301406,34.582420132613876,34.690965101759126,70.28369843136605,70.35095649182202,70.38655753567066,65.95517245910466,66.07998493485064,66.1355483471769,58.57968889277701,58.608638137670425,58.6700039476299,127732.76463441894,128401.5904928153,129111.37450436057
4,37.5041417600926,37.950239309809064,38.49574253852104,34.491578304301406,34.582420132613876,34.690965101759126,70.28369843136605,70.35095649182202,70.38655753567066,65.95517245910466,66.07998493485064,66.1355483471769,58.57968889277701,58.608638137670425,58.6700039476299,127732.76463441894,128401.5904928153,129111.37450436057
5,37.5041417600926,37.950239309809064,38.49574253852104,34.491578304301406,34.582420132613876,34.690965101759126,70.28369843136605,70.35095649182202,70.38655753567066,65.95517245910466,66.07998493485064,66.1355483471769,58.57968889277701,58.608638137670425,58.6700039476299,127732.76463441894,128401.5904928153,129111.37450436057
6,37.5041417600926,37.950239309809064,38.49574253852104,34.491578304301406,34.582420132613876,34.690965101759126,70.28369843136605,70.35095649182202,70.38655753567066,65.95517245910466,66.07998493485064,66.1355483471769,58.57968889277701,58.608638137670425,58.6700039476299,127732.76463441894,128401.5904928153,129111.37450436057
7,37.5041417600926,37.950239309809064,38.49574253852104,34.491578304301406,34.582420132613876,34.690965101759126,70.28369843136605,70.35095649182202,70.38655753567066,65.95517245910466,66.07998493485064,66.1355483471769,58.57968889277701,58.608638137670425,58.6700039476299,127732.76463441894,128401.5904928153,129111.37450436057
8,37.5041417600926,37.950239309809064,38.49574253852104,34.491578304301406,34.582420132613876,34.690965101759126,70.28369843136605,70.35095649182202,70.38655753567066,65.95517245910466,66.07998493485064,66.1355483471769,58.57968889277701,58.608638137670425,58.6700039476299,127732.76463441894,128401.5904928153,129111.37450436057
9,37.5041417600926,37.950239309809064,38.49574253852104,34.491578304301406,34.582420132613876,34.690965101759126,70.28369843136605,70.35095649182202,70.38655753567066,65.95517245910466,66.07998493485064,66.1355483471769,58.57968889277701,58.608638137670425,58.6700039476299,127732.76463441894,128401.5904928153,129111.37450436057
10,37.5041417600926,37.950239309809064,38.49574253852104,34.491578304301406,34.582420132613876,34.690965101759126,70.28369843136605,70.35095649182202,70.38655753567066,65.95517245910466,66.07998493485064,66.1355483471769,58.57968889277701,58.608638137670425,58.6700039476299,127732.76463441894,128401.5904928153,129111.37450436057
11,37.5041417600926,37.950239309809064,38.49574253852104,34.491578304301406,34.582420132613876,34.690965101759126,70.28369843136605,70.35095649182202,70.38655753567066,65.95517245910466,66.07998493485064,66.1355483471769,58.57968889277701,58.608638137670425,58.6700039476299,127732.76463441894,128401.5904928153,129111.37450436057
12,37.5041417600926,37.950239309809064,38.49574253852104,34.491578304301406,34.582420132613876,34.690965101759126,70.28369843136605,70.35095649182202,70.38655753567066,65.95517245910466,66.07998493485064,66.1355483471769,58.57968889277701,58.608638137670425,58.6700039476299,127732.76463441894,128401.5904928153,129111.37450436057
13,37.5041417600926,37.950239309809064,38.49574253852104,34.491578304301406,34.582420132613876,34.690965101759126,70.28369843136605,70.35095649182202,70.38655753567066,65.95517245910466,66.07998493485064,66.1355483471769,58.57968889277701,58.608638137670425,58.6700039476299,127732.76463441894,128401.5904928153,129111.37450436057
14,37.5041417600926,37.950239309809064,38.49574253852104,34.491578304301406,34.582420132613876,34.690965101759126,70.28369843136605,70.35095649182202,70.38655753567066,65.95517245910466,66.07998493485064,66.1355483471769,58.57968889277701,58.608638137670425,58.6700039476299,127732.76463441894,128401.5904928153,129111.37450436057
15,37.5041417600926,37.950239309809064,38.49574253852104,34.491578304301406,34.582420132613876,34.690965101759126,70.28369843136605,70.35095649182202,70.38655753567066,65.95517245910466,66.07998493485064,66.1355483471769,58.57968889277701,58.608638137670425,58.6700039476299,127732.76463441894,128401.5904928153,129111.37450436057
16,37.5041417600926,37.950239309809064,38.49574253852104,34.491578304301406,34.582420132613876,34.690965101759126,70.28369843136605,70.35095649182202,70.38655753567066,65.95517245910466,66.07998493485064,66.1355483471769,58.57968889277701,58.608638137670425,58.6700039476299,127732.76463441894,128401.5904928153,129111.37450436057
17,37.5041417600926,37.950239309809064,38.49574253852104,34.491578304301406,34.582420132613876,34.690965101759126,70.28369843136605,70.35095649182202,70.38655753567066,65.95517245910466,66.07998493485064,66.1355483471769,58.57968889277701,58.608638137670425,58.6700039476299,127732.76463441894,128401.5904928153,129111.37450436057
18,37.5041417600926,37.950239309809064,38.49574253852104,34.491578304301406,34.582420132613876,34.690965101759126,70.28369843136605,70.35095649182202,70.38655753567066,65.95517245910466,66.07998493485064,66.1355483471769,58.57968889277701,58.608638137670425,58.6700039476299,127732.76463441894,128401.5904928153,129111.37450436057
19,37.5041417600926,37.950239309809064,38.49574253852104,34.491578304301406,34.582420132613876,34.690965101759126,70.28369843136605,70.35095649182202,70.38655753567066,65.95517245910466,66.07998493485064,66.1355483471769,58.57968889277701,58.608638137670425,58.6700039476299,127732.76463441894,128401.5904928153,129111.37450436057
20,37.5041417600926,37.950239309809064,38.49574253852104,34.491578304301406,34.582420132613876,34.690965101759126,70.28369843136605,70.35095649182202,70.38655753567066,65.95517245910466,66.07998493485064,66.1355483471769,58.57968889277701,58.608638137670425,58.6700039476299,127732.76463441894,128401.5904928153,129111.37450436057
21,37.5041417600926,37.950239309809064,38.49574253852104,34.491578304301406,34.582420132613876,34.690965101759126,70.28369843136605,70.35095649182202,70.38655753567066,65.95517245910466,66.07998493485064,66.1355483471769,58.57968889277701,58.608638137670425,58.6700039476299,127732.76463441894,128401.5904928153,129111.37450436057
22,37.5041417600926,37.950239309809064,38.49574253852104,34.491578304301406,34.582420132613876,34.690965101759126,70.28369843136605,70.35095649182202,70.38655753567066,65.95517245910466,66.07998493485064,66.1355483471769,58.57968889277701,58.608638137670425,58.6700039476299,127732.76463441894,128401.5904928153,129111.37450436057
23,37.5041417600926,37.950239309809064,38.49574253852104,34.491578304301406,34.582420132613876,34.690965101759126,70.28369843136605,70.35095649182202,70.38655753567066,65.95517245910466,66.07998493485064,66.1355483471769,58.57968889277701,58.608638137670425,58.6700039476299,127732.76463441894,128401.5904928153,129111.37450436057
24,37.5041417600926,37.950239309809064,38.49574253852104,34.491578304301406,34.582420132613876,34.690965101759126,70.28369843136605,70.35095649182202,70.38655753567066,65.95517245910466,66.07998493485064,66.1355483471769,58.57968889277701,58.608638137670425,58.6700039476299,127732.76463441894,128401.5904928153,129111.37450436057
25,37.5041417600926,37.950239309809064,38.49574253852104,34.491578304301406,34.582420132613876,34.690965101759126,70.28369843136605,70.35095649182202,70.38655753567066,65.95517245910466,66.07998493485064,66.1355483471769,58.57968889277701,58.608638137670425,58.6700039476299,127732.76463441894,128401.5904928153,129111.37450436057
26,37.5041417600926,37.950239309809064,38.49574253852104,34.491578304301406,34.582420132613876,34.690965101759126,70.28369843136605,70.35095649182202,70.38655753567066,65.95517245910466,66.07998493485064,66.1355483471769,58.57968889277701,58.608638137670425,58.6700039476299,127732.76463441894,128401.5904928153,129111.37450436057
27,37.5041417600926,37.950239309809064,38.49574253852104,34.491578304301406,34.582420132613876,34.690965101759126,70.28369843136605,70.35095649182202,70.38655753567066,65.95517245910466,66.07998493485064,66.1355483471769,58.57968889277701,58.608638137670425,58.6700039476299,127732.76463441894,128401.5904928153,129111.37450436057
28,37.5041417600926,37.950239309809064,38.49574253852104,34.491578304301406,34.582420132613876,34.690965101759126,70.28369843136605,70.35095649182202,70.38655753567066,65.95517245910466,66.07998493485064,66.1355483471769,58.57968889277701,58.608638137670425,58.6700039476299,127732.76463441894,128401.5904928153,129111.37450436057
29,37.5041417600926,37.950239309809064,38.49574253852104,34.491578304301406,34.582420132613876,34.690965101759126,70.28369843136605,70.35095649182202,70.38655753567066,65.95517245910466,66.07998493485064,66.1355483471769,58.57968889277701,58.608638137670425,58.6700039476299,127732.76463441894,128401.5904928153,129111.37450436057
30,37.5041417600926,37.950239309809064,38.49574253852104,34.491578304301406,34.582420132613876,34.690965101759126,70.28369843136605,70.35095649182202,70.38655753567066,65.95517245910466,66.07998493485064,66.1355483471769,58.57968889277701,58.608638137670425,58.6700039476299,127732.76463441894,128401.5904928153,129111.37450436057
31,37.5041417600926,37.950239309809064,38.49574253852104,34.491578304301406,34.582420132613876,34.690965101759126,70.28369843136605,70.35095649182202,70.38655753567066,65.95517245910466,66.07998493485064,66.1355483471769,58.57968889277701,58.608638137670425,58.6700039476299,127732.76463441894,128401.5904928153,129111.37450436057
32,37.5041417600926,37.950239309809064,38.49574253852104,34.491578304301406,34.582420132613876,34.690965101759126,70.28369843136605,70.35095649182202,70.38655753567066,65.95517245910466,66.07998493485064,66.1355483471769,58.57968889277701,58.608638137670425,58.6700039476299,127732.76463441894,128401.5904928153,129111.37450436057
33,37.5041417600926,37.950239309809064,38.49574253852104,34.491578304301406,34.582420132613876,34.690965101759126,70.28369843136605,70.35095649182202,70.38655753567066,65.95517245910466,66.07998493485064,66.1355483471769,58.57968889277701,58.608638137670425,58.6700039476299,127732.76463441894,128401.5904928153,129111.37450436057
34,37.5041417600926,37.950239309809064,38.49574253852104,34.491578304301406,34.582420132613876,34.690965101759126,70.28369843136605,70.35095649182202,70.38655753567066,65.95517245910466,66.07998493485064,66.1355483471769,58.57968889277701,58.608638137670425,58.6700039476299,127732.76463441894,128401.5904928153,129111.37450436057
35,37.5041417600926,37.950239309809064,38.49574253852104,34.491578304301406,34.582420132613876,34.690965101759126,70.28369843136605,70.35095649182202,70.38655753567066,65.95517245910466,66.07998493485064,66.1355483471769,58.57968889277701,58.608638137670425,58.6700039476299,127732.76463441894,128401.5904928153,129111.37450436057
36,37.5041417600926,37.950239309809064,38.49574253852104,34.491578304301406,34.582420132613876,34.690965101759126,70.28369843136605,70.35095649182202,70.38655753567066,65.95517245910466,66.07998493485064,66.1355483471769,58.57968889277701,58.608638137670425,58.6700039476299,127732.76463441894,128401.5904928153,129111.37450436057
37,37.5041417600926,37.950239309809064,38.49574253852104,34.491578304301406,34.582420132613876,34.690965101759126,70.28369843136605,70.35095649182202,70.38655753567066,65.95517245910466,66.07998493485064,66.1355483471769,58.57968889277701,58.608638137670425,58.6700039476299,127732.76463441894,128401.5904928153,129111.37450436057
38,37.5041417600926,37.950239309809064,38.49574253852104,34.491578304301406,34.582420132613876,34.690965101759126,70.28369843136605,70.35095649182202,70.38655753567066,65.95517245910466,66.07998493485064,66.1355483471769,58.57968889277701,58.608638137670425,58.6700039476299,127732.76463441894,128401.5904928153,129111.37450436057
39,37.5041417600926,37.950239309809064,38.49574253852104,34.491578304301406,34.582420132613876,34.690965101759126,70.28369843136605,70.35095649182202,70.38655753567066,65.95517245910466,66.07998493485064,66.1355483471769,58.57968889277701,58.608638137670425,58.6700039476299,127732.76463441894,128401.5904928153,129111.37450436057
40,37.5041417600926,37.950239309809064,38.49574253852104,34.491578304301406,34.582420132613876,34.690965101759126,70.28369843136605,70.35095649182202,70.38655753567066,65.95517245910466,66.07998493485064,66.1355483471769,58.57968889277701,58.608638137670425,58.6700039476299,127732.76463441894,128401.5904928153,129111.37450436057
41,37.5041417600926,37.950239309809064,38.49574253852104,34.491578304301406,34.582420132613876,34.690965101759126,70.28369843136605,70.35095649182202,70.38655753567066,65.95517245910466,66.07998493485064,66.1355483471769,58.57968889277701,58.608638137670425,58.6700039476299,127732.76463441894,128401.5904928153,129111.37450436057
42,37.5041417600926,37.950239309809064,38.49574253852104,34.491578304301406,34.582420132613876,34.690965101759126,70.28369843136605,70.35095649182202,70.38655753567066,65.95517245910466,66.07998493485064,66.1355483471769,58.57968889277701,58.608638137670425,58.6700039476299,127732.76463441894,128401.5904928153,129111.37450436057
43,37.5041417600926,37.950239309809064,38.49574253852104,34.491578304301406,34.582420132613876,34.690965101759126,70.28369843136605,70.35095649182202,70.38655753567066,65.95517245910466,66.07998493485064,66.1355483471769,58.57968889277701,58.608638137670425,58.6700039476299,127732.76463441894,128401.5904928153,129111.37450436057
44,37.5041417600926,37.950239309809064,38.49574253852104,34.491578304301406,34.582420132613876,34.690965101759126,70.28369843136605,70.35095649182202,70.38655753567066,65.95517245910466,66.07998493485064,66.1355483471769,58.57968889277701,58.608638137670425,58.6700039476299,127732.76463441894,128401.5904928153,129111.37450436057
45,37.5041417600926,37.950239309809064,38.49574253852104,34.491578304301406,34.582420132613876,34.690965101759126,70.28369843136605,70.35095649182202,70.38655753567066,65.95517245910466,66.07998493485064,66.1355483471769,58.57968889277701,58.608638137670425,58.6700039476299,127732.76463441894,128401.5904928153,129111.37450436057
46,37.5041417600926,37.950239309809064,38.49574253852104,34.491578304301406,34.582420132613876,34.690965101759126,70.28369843136605,70.35095649182202,70.38655753567066,65.95517245910466,66.07998493485064,66.1355483471769,58.57968889277701,58.608638137670425,58.6700039476299,127732.76463441894,128401.5904928153,129111.37450436057
47,37.5041417600926,37.950239309809064,38.49574253852104,34.491578304301406,34.582420132613876,34.690965101759126,70.28369843136605,70.35095649182202,70.38655753567066,65.95517245910466,66.07998493485064,66.1355483471769,58.57968889277701,58.608638137670425,58.6700039476299,127732.76463441894,128401.5904928153,129111.37450436057
48,37.5041417600926,37.950239309809064,38.49574253852104,34.491578304301406,34.582420132613876,34.690965101759126,70.28369843136605,70.35095649182202,70.38655753567066,65.95517245910466,66.07998493485064,66.1355483471769,58.57968889277701,58.608638137670425,58.6700039476299,127732.76463441894,128401.5904928153,129111.37450436057
49,37.5041417600926,37.950239309809064,38.49574253852104,34.491578304301406,34.582420132613876,34.690965101759126,70.28369843136605,70.35095649182202,70.38655753567066,65.95517245910466,66.07998493485064,66.1355483471769,58.57968889277701,58.608638137670425,58.6700039476299,127732.76463441894,128401.5904928153,129111.37450436057
50,37.5041417600926,37.950239309809064,38.49574253852104,34.491578304301406,34.582420132613876,34.690965101759126,70.28369843136605,70.35095649182202,70.38655753567066,65.95517245910466,66.07998493485064,66.1355483471769,58.57968889277701,58.608638137670425,58.6700039476299,127732.76463441894,128401.5904928153,129111.37450436057
51,37.5041417600926,37.950239309809064,38.49574253852104,34.491578304301406,34.582420132613876,34.690965101759126,70.28369843136605,70.35095649182202,70.38655753567066,65.95517245910466,66.07998493485064,66.1355483471769,58.57968889277701,58.608638137670425,58.6700039476299,127732.76463441894,128401.5904928153,129111.37450436057
52,37.5041417600926,37.950239309809064,38.49574253852104,34.491578304301406,34.582420132613876,34.690965101759126,70.28369843136605,70.35095649182202,70.38655753567066,65.95517245910466,66.07998493485064,66.1355483471769,58.57968889277701,58.608638137670425,58.6700039476299,127732.76463441894,128401.5904928153,129111.37450436057
53,37.5041417600926,37.950239309809064,38.49574253852104,34.491578304301406,34.582420132613876,34.690965101759126,70.28369843136605,70.35095649182202,70.38655753567066,65.95517245910466,66.07998493485064,66.1355483471769,58.57968889277701,58.608638137670425,58.6700039476299,127732.76463441894,128401.5904928153,129111.37450436057
54,37.5041417600926,37.950239309809064,38.49574253852104,34.491578304301406,34.582420132613876,34.690965101759126,70.28369843136605,70.35095649182202,70.38655753567066,65.95517245910466,66.07998493485064,66.1355483471769,58.57968889277701,58.608638137670425,58.6700039476299,127732.76463441894,128401.5904928153,129111.37450436057
55,37.5041417600926,37.950239309809064,38.49574253852104,34.491578304301406,34.582420132613876,34.690965101759126,70.28369843136605,70.35095649182202,70.38655753567066,65.95517245910466,66.07998493485064,66.1355483471769,58.57968889277701,58.608638137670425,58.6700039476299,127732.76463441894,128401.5904928153,129111.37450436057
56,37.5041417600926,37.950239309809064,38.49574253852104,34.491578304301406,34.582420132613876,34.690965101759126,70.28369843136605,70.35095649182202,70.38655753567066,65.95517245910466,66.07998493485064,66.1355483471769,58.57968889277701,58.608638137670425,58.6700039476299,127732.76463441894,128401.5904928153,129111.37450436057
57,37.5041417600926,37.950239309809064,38.49574253852104,34.491578304301406,34.582420132613876,34.690965101759126,70.28369843136605,70.35095649182202,70.38655753567066,65.95517245910466,66.07998493485064,66.1355483471769,58.57968889277701,58.608638137670425,58.6700039476299,127732.76463441894,128401.5904928153,129111.37450436057
58,37.5041417600926,37.950239309809064,38.49574253852104,34.491578304301406,34.582420132613876,34.690965101759126,70.28369843136605,70.35095649182202,70.38655753567066,65.95517245910466,66.07998493485064,66.1355483471769,58.57968889277701,58.608638137670425,58.6700039476299,127732.76463441894,128401.5904928153,129111.37450436057
59,37.5041417600926,37.950239309809064,38.49574253852104,34.491578304301406,34.582420132613876,34.690965101759126,70.28369843136605,70.35095649182202,70.38655753567066,65.95517245910466,66.07998493485064,66.1355483471769,58.57968889277701,58.608638137670425,58.6700039476299,127732.76463441894,128401.5904928153,129111.37450436057
60,37.5041417600926,37.950239309809064,38.49574253852104,34.491578304301406,34.582420132613876,34.690965101759126,70.28369843136605,70.35095649182202,70.38655753567066,65.95517245910466,66.07998493485064,66.1355483471769,58.57968889277701,58.608638137670425,58.6700039476299,127732.76463441894,128401.5904928153,129111.37450436057
61,37.5041417600926,37.950239309809064,38.49574253852104,34.491578304301406,34.582420132613876,34.690965101759126,70.28369843136605,70.35095649182202,70.38655753567066,65.95517245910466,66.07998493485064,66.1355483471769,58.57968889277701,58.608638137670425,58.6700039476299,127732.76463441894,128401.5904928153,129111.37450436057
62,37.5041417600926,37.950239309809064,38.49574253852104,34.491578304301406,34.582420132613876,34.690965101759126,70.28369843136605,70.35095649182202,70.38655753567066,65.95517245910466,66.07998493485064,66.1355483471769,58.57968889277701,58.608638137670425,58.6700039476299,127732.76463441894,128401.5904928153,129111.37450436057
63,37.5041417600926,37.950239309809064,38.49574253852104,34.491578304301406,34.582420132613876,34.690965101759126,70.28369843136605,70.35095649182202,70.38655753567066,65.95517245910466,66.07998493485064,66.1355483471769,58.57968889277701,58.608638137670425,58.6700039476299,127732.76463441894,128401.5904928153,129111.37450436057
64,37.5041417600926,37.950239309809064,38.49574253852104,34.491578304301406,34.582420132613876,34.690965101759126,70.28369843136605,70.35095649182202,70.38655753567066,65.95517245910466,66.07998493485064,66.1355483471769,58.57968889277701,58.608638137670425,58.6700039476299,127732.76463441894,128401.5904928153,129111.37450436057
65,37.5041417600926,37.950239309809064,38.49574253852104,34.491578304301406,34.582420132613876,34.690965101759126,70.28369843136605,70.35095649182202,70.38655753567066,65.95517245910466,66.07998493485064,66.1355483471769,58.57968889277701,58.608638137670425,58.6700039476299,127732.76463441894,128401.5904928153,129111.37450436057
66,37.5041417600926,37.950239309809064,38.49574253852104,34.491578304301406,34.582420132613876,34.690965101759126,70.28369843136605,70.35095649182202,70.38655753567066,65.95517245910466,66.07998493485064,66.1355483471769,58.57968889277701,58.608638137670425,58.6700039476299,127732.76463441894,128401.5904928153,129111.37450436057
67,37.5041417600926,37.950239309809064,38.49574253852104,34.491578304301406,34.582420132613876,34.690965101759126,70.28369843136605,70.35095649182202,70.38655753567066,65.95517245910466,66.07998493485064,66.1355483471769,58.57968889277701,58.608638137670425,58.6700039476299,127732.76463441894,128401.5904928153,129111.37450436057
68,37.5041417600926,37.950239309809064,38.49574253852104,34.491578304301406,34.582420132613876,34.690965101759126,70.28369843136605,70.35095649182202,70.38655753567066,65.95517245910466,66.07998493485064,66.1355483471769,58.57968889277701,58.608638137670425,58.6700039476299,127732.76463441894,128401.5904928153,129111.37450436057
69,37.5041417600926,37.950239309809064,38.49574253852104,34.491578304301406,34.582420132613876,34.690965101759126,70.28369843136605,70.35095649182202,70.38655753567066,65.95517245910466,66.07998493485064,66.1355483471769,58.57968889277701,58.608638137670425,58.6700039476299,127732.76463441894,128401.5904928153,129111.37450436057
70,37.5041417600926,37.950239309809064,38.49574253852104,34.491578304301406,34.582420132613876,34.690965101759126,70.28369843136605,70.35095649182202,70.38655753567066,65.95517245910466,66.07998493485064,66.1355483471769,58.57968889277701,58.608638137670425,58.6700039476299,127732.76463441894,128401.5904928153,129111.37450436057
71,37.5041417600926,37.950239309809064,38.49574253852104,34.491578304301406,34.582420132613876,34.690965101759126,70.28369843136605,70.35095649182202,70.38655753567066,65.95517245910466,66.07998493485064,66.1355483471769,58.57968889277701,58.608638137670425,58.6700039476299,127732.76463441894,128401.5904928153,129111.37450436057
72,37.5041417600926,37.950239309809064,38.49574253852104,34.491578304301406,34.582420132613876,34.690965101759126,70.28369843136605,70.35095649182202,70.38655753567066,65.95517245910466,66.07998493485064,66.1355483471769,58.57968889277701,58.608638137670425,58.6700039476299,127732.76463441894,128401.5904928153,129111.37450436057
73,37.5041417600926,37.950239309809064,38.49574253852104,34.491578304301406,34.582420132613876,34.690965101759126,70.28369843136605,70.35095649182202,70.38655753567066,65.95517245910466,66.07998493485064,66.1355483471769,58.57968889277701,58.608638137670425,58.6700039476299,127732.76463441894,128401.5904928153,129111.37450436057
74,37.5041417600926,37.950239309809064,38.49574253852104,34.491578304301406,34.582420132613876,34.690965101759126,70.28369843136605,70.35095649182202,70.38655753567066,65.95517245910466,66.07998493485064,66.1355483471769,58.57968889277701,58.608638137670425,58.6700039476299,127732.76463441894,128401.5904928153,129111.37450436057
75,37.5041417600926,37.950239309809064,38.49574253852104,34.491578304301406,34.582420132613876,34.690965101759126,70.28369843136605,70.35095649182202,70.38655753567066,65.95517245910466,66.07998493485064,66.1355483471769,58.57968889277701,58.608638137670425,58.6700039476299,127732.76463441894,128401.5904928153,129111.37450436057
76,37.5041417600926,37.950239309809064,38.49574253852104,34.491578304301406,34.582420132613876,34.690965101759126,70.28369843136605,70.35095649182202,70.38655753567066,65.95517245910466,66.07998493485064,66.1355483471769,58.57968889277701,58.608638137670425,58.6700039476299,127732.76463441894,128401.5904928153,129111.37450436057
77,37.5041417600926,37.950239309809064,38.49574253852104,34.491578304301406,34.582420132613876,34.690965101759126,70.28369843136605,70.35095649182202,70.38655753567066,65.95517245910466,66.07998493485064,66.1355483471769,58.57968889277701,58.608638137670425,58.6700039476299,127732.76463441894,128401.5904928153,129111.37450436057
78,37.5041417600926,37.950239309809064,38.49574253852104,34.491578304301406,34.582420132613876,34.690965101759126,70.28369843136605,70.35095649182202,70.38655753567066,65.95517245910466,66.07998493485064,66.1355483471769,58.57968889277701,58.608638137670425,58.6700039476299,127732.76463441894,128401.5904928153,129111.37450436057
79,37.5041417600926,37.950239309809064,38.49574253852104,34.491578304301406,34.582420132613876,34.690965101759126,70.28369843136605,70.35095649182202,70.38655753567066,65.95517245910466,66.07998493485064,66.1355483471769,58.57968889277701,58.608638137670425,58.6700039476299,127732.76463441894,128401.5904928153,129111.37450436057
80,37.5041417600926,37.950239309809064,38.49574253852104,34.491578304301406,34.582420132613876,34.690965101759126,70.28369843136605,70.35095649182202,70.38655753567066,65.95517245910466,66.07998493485064,66.1355483471769,58.57968889277701,58.608638137670425,58.6700039476299,127732.76463441894,128401.5904928153,129111.37450436057
81,37.5041417600926,37.950239309809064,38.49574253852104,34.491578304301406,34.582420132613876,34.690965101759126,70.28369843136605,70.35095649182202,70.38655753567066,65.95517245910466,66.07998493485064,66.1355483471769,58.57968889277701,58.608638137670425,58.6700039476299,127732.76463441894,128401.5904928153,129111.37450436057
82,37.5041417600926,37.950239309809064,38.49574253852104,34.491578304301406,34.582420132613876,34.690965101759126,70.28369843136605,70.35095649182202,70.38655753567066,65.95517245910466,66.07998493485064,66.1355483471769,58.57968889277701,58.608638137670425,58.6700039476299,127732.76463441894,128401.5904928153,129111.37450436057
83,37.5041417600926,37.950239309809064,38.49574253852104,34.491578304301406,34.582420132613876,34.690965101759126,70.28369843136605,70.35095649182202,70.38655753567066,65.95517245910466,66.07998493485064,66.1355483471769,58.57968889277701,58.608638137670425,58.6700039476299,127732.76463441894,128401.5904928153,129111.37450436057
84,37.5041417600926,37.950239309809064,38.49574253852104,34.491578304301406,34.582420132613876,34.690965101759126,70.28369843136605,70.35095649182202,70.38655753567066,65.95517245910466,66.07998493485064,66.1355483471769,58.57968889277701,58.608638137670425,58.6700039476299,127732.76463441894,128401.5904928153,129111.37450436057
85,37.5041417600926,37.950239309809064,38.49574253852104,34.491578304301406,34.582420132613876,34.690965101759126,70.28369843136605,70.35095649182202,70.38655753567066,65.95517245910466,66.07998493485064,66.1355483471769,58.57968889277701,58.608638137670425,58.6700039476299,127732.76463441894,128401.5904928153,129111.37450436057
86,37.5041417600926,37.950239309809064,38.49574253852104,34.491578304301406,34.582420132613876,34.690965101759126,70.28369843136605,70.35095649182202,70.38655753567066,65.95517245910466,66.07998493485064,66.1355483471769,58.57968889277701,58.608638137670425,58.6700039476299,127732.76463441894,128401.5904928153,129111.37450436057
87,37.5041417600926,37.950239309809064,38.49574253852104,34.491578304301406,34.582420132613876,34.690965101759126,70.28369843136605,70.35095649182202,70.38655753567066,65.95517245910466,66.07998493485064,66.1355483471769,58.57968889277701,58.608638137670425,58.6700039476299,127732.76463441894,128401.5904928153,129111.37450436057
88,37.5041417600926,37.950239309809064,38.49574253852104,34.491578304301406,34.582420132613876,34.690965101759126,70.28369843136605,70.35095649182202,70.38655753567066,65.95517245910466,66.07998493485064,66.1355483471769,58.57968889277701,58.608638137670425,58.6700039476299,127732.76463441894,128401.5904928153,129111.37450436057
89,37.5041417600926,37.950239309809064,38.49574253852104,34.491578304301406,34.582420132613876,34.690965101759126,70.28369843136605,70.35095649182202,70.38655753567066,65.95517245910466,66.07998493485064,66.1355483471769,58.57968889277701,58.608638137670425,58.6700039476299,127732.76463441894,128401.5904928153,129111.37450436057
90,37.5041417600926,37.950239309809064,38.49574253852104,34.491578304301406,34.582420132613876,34.690965101759126,70.28369843136605,70.35095649182202,70.38655753567066,65.95517245910466,66.07998493485064,66.1355483471769,58.57968889277701,58.608638137670425,58.6700039476299,127732.76463441894,128401.5904928153,129111.37450436057
91,37.5041417600926,37.950239309809064,38.49574253852104,34.491578304301406,34.582420132613876,34.690965101759126,70.28369843136605,70.35095649182202,70.38655753567066,65.95517245910466,66.07998493485064,66.1355483471769,58.57968889277701,58.608638137670425,58.6700039476299,127732.76463441894,128401.5904928153,129111.37450436057
92,37.5041417600926,37.950239309809064,38.49574253852104,34.491578304301406,34.582420132613876,34.690965101759126,70.28369843136605,70.35095649182202,70.38655753567066,65.95517245910466,66.07998493485064,66.1355483471769,58.57968889277701,58.608638137670425,58.6700039476299,127732.76463441894,128401.5904928153,129111.37450436057
93,37.5041417600926,37.950239309809064,38.49574253852104,34.491578304301406,34.582420132613876,34.690965101759126,70.28369843136605,70.35095649182202,70.38655753567066,65.95517245910466,66.07998493485064,66.1355483471769,58.57968889277701,58.608638137670425,58.6700039476299,127732.76463441894,128401.5904928153,129111.37450436057
94,37.5041417600926,37.950239309809064,38.49574253852104,34.491578304301406,34.582420132613876,34.690965101759126,70.28369843136605,70.35095649182202,70.38655753567066,65.95517245910466,66.07998493485064,66.1355483471769,58.57968889277701,58.608638137670425,58.6700039476299,127732.76463441894,128401.5904928153,129111.37450436057
95,37.5041417600926,37.950239309809064,38.49574253852104,34.491578304301406,34.582420132613876,34.690965101759126,70.28369843136605,70.35095649182202,70.38655753567066,65.95517245910466,66.07998493485064,66.1355483471769,58.57968889277701,58.608638137670425,58.6700039476299,127732.76463441894,128401.5904928153,129111.37450436057
96,37.5041417600926,37.950239309809064,38.49574253852104,34.491578304301406,34.582420132613876,34.690965101759126,70.28369843136605,70.35095649182202,70.38655753567066,65.95517245910466,66.07998493485064,66.1355483471769,58.57968889277701,58.608638137670425,58.6700039476299,127732.76463441894,128401.5904928153,129111.37450436057
97,37.5041417600926,37.950239309809064,38.49574253852104,34.491578304301406,34.582420132613876,34.690965101759126,70.28369843136605,70.35095649182202,70.38655753567066,65.95517245910466,66.07998493485064,66.1355483471769,58.57968889277701,58.608638137670425,58.6700039476299,127732.76463441894,128401.5904928153,129111.37450436057
98,37.5041417600926,37.950239309809064,38.49574253852104,34.491578304301406,34.582420132613876,34.690965101759126,70.28369843136605,70.35095649182202,70.38655753567066,65.95517245910466,66.07998493485064,66.1355483471769,58.57968889277701,58.608638137670425,58.6700039476299,127732.76463441894,128401.5904928153,129111.37450436057
99,37.5041417600926,37.950239309809064,38.49574253852104,34.491578304301406,34.582420132613876,34.690965101759126,70.28369843136605,70.35095649182202,70.38655753567066,65.95517245910466,66.07998493485064,66.1355483471769,58.57968889277701,58.608638137670425,58.6700039476299,127732.76463441894,128401.5904928153,129111.37450436057
100,37.5041417600926,37.950239309809064,38.49574253852104,34.491578304301406,34.582420132613876,34.690965101759126,70.28369843136605,70.35095649182202,70.38655753567066,65.95517245910466,66.07998493485064,66.1355483471769,58.57968889277701,58.608638137670425,58.6700039476299,127732.76463441894,128401.5904928153,129111.37450436057
101,37.5041417600926,37.950239309809064,38.49574253852104,34.491578304301406,34.582420132613876,34.690965101759126,70.28369843136605,70.35095649182202,70.38655753567066,65.95517245910466,66.07998493485064,66.1355483471769,58.57968889277701,58.608638137670425,58.6700039476299,127732.76463441894,128401.5904928153,129111.37450436057
102,37.5041417600926,37.950239309809064,38.49574253852104,34.491578304301406,34.582420132613876,34.690965101759126,70.28369843136605,70.35095649182202,70.38655753567066,65.95517245910466,66.07998493485064,66.1355483471769,58.57968889277701,58.608638137670425,58.6700039476299,127732.76463441894,128401.5904928153,129111.37450436057
103,37.5041417600926,37.950239309809064,38.49574253852104,34.491578304301406,34.582420132613876,34.690965101759126,70.28369843136605,70.35095649182202,70.38655753567066,65.95517245910466,66.07998493485064,66.1355483471769,58.57968889277701,58.608638137670425,58.6700039476299,127732.76463441894,128401.5904928153,129111.37450436057
104,37.5041417600926,37.950239309809064,38.49574253852104,34.491578304301406,34.582420132613876,34.690965101759126,70.28369843136605,70.35095649182202,70.38655753567066,65.95517245910466,66.07998493485064,66.1355483471769,58.57968889277701,58.608638137670425,58.6700039476299,127732.76463441894,128401.5904928153,129111.37450436057
105,37.5041417600926,37.950239309809064,38.49574253852104,34.491578304301406,34.582420132613876,34.690965101759126,70.28369843136605,70.35095649182202,70.38655753567066,65.95517245910466,66.07998493485064,66.1355483471769,58.57968889277701,58.608638137670425,58.6700039476299,127732.76463441894,128401.5904928153,129111.37450436057
106,37.5041417600926,37.950239309809064,38.49574253852104,34.491578304301406,34.582420132613876,34.690965101759126,70.28369843136605,70.35095649182202,70.38655753567066,65.95517245910466,66.07998493485064,66.1355483471769,58.57968889277701,58.608638137670425,58.6700039476299,127732.76463441894,128401.5904928153,129111.37450436057
107,37.5041417600926,37.950239309809064,38.49574253852104,34.491578304301406,34.582420132613876,34.690965101759126,70.28369843136605,70.35095649182202,70.38655753567066,65.95517245910466,66.07998493485064,66.1355483471769,58.57968889277701,58.608638137670425,58.6700039476299,127732.76463441894,128401.5904928153,129111.37450436057
108,37.5041417600926,37.950239309809064,38.49574253852104,34.491578304301406,34.582420132613876,34.690965101759126,70.28369843136605,70.35095649182202,70.38655753567066,65.95517245910466,66.07998493485064,66.1355483471769,58.57968889277701,58.608638137670425,58.6700039476299,127732.76463441894,128401.5904928153,129111.37450436057
109,37.5041417600926,37.950239309809064,38.49574253852104,34.491578304301406,34.582420132613876,34.690965101759126,70.28369843136605,70.35095649182202,70.38655753567066,65.95517245910466,66.07998493485064,66.1355483471769,58.57968889277701,58.608638137670425,58.6700039476299,127732.76463441894,128401.5904928153,129111.37450436057
110,37.5041417600926,37.950239309809064,38.49574253852104,34.491578304301406,34.582420132613876,34.690965101759126,70.28369843136605,70.35095649182202,70.38655753567066,65.95517245910466,66.07998493485064,66.1355483471769,58.57968889277701,58.608638137670425,58.6700039476299,127732.76463441894,128401.5904928153,129111.37450436057
111,37.5041417600926,37.950239309809064,38.49574253852104,34.491578304301406,34.582420132613876,34.690965101759126,70.28369843136605,70.35095649182202,70.38655753567066,65.95517245910466,66.07998493485064,66.1355483471769,58.57968889277701,58.608638137670425,58.6700039476299,127732.76463441894,128401.5904928153,129111.37450436057
112,37.5041417600926,37.950239309809064,38.49574253852104,34.491578304301406,34.582420132613876,34.690965101759126,70.28369843136605,70.35095649182202,70.38655753567066,65.95517245910466,66.07998493485064,66.1355483471769,58.57968889277701,58.608638137670425,58.6700039476299,127732.76463441894,128401.5904928153,129111.37450436057
113,37.5041417600926,37.950239309809064,38.49574253852104,34.491578304301406,34.582420132613876,34.690965101759126,70.28369843136605,70.35095649182202,70.38655753567066,65.95517245910466,66.07998493485064,66.1355483471769,58.57968889277701,58.608638137670425,58.6700039476299,127732.76463441894,128401.5904928153,129111.37450436057
114,37.5041417600926,37.950239309809064,38.49574253852104,34.491578304301406,34.582420132613876,34.690965101759126,70.28369843136605,70.35095649182202,70.38655753567066,65.95517245910466,66.07998493485064,66.1355483471769,58.57968889277701,58.608638137670425,58.6700039476299,127732.76463441894,128401.5904928153,129111.37450436057
115,37.5041417600926,37.950239309809064,38.49574253852104,34.491578304301406,34.582420132613876,34.690965101759126,70.28369843136605,70.35095649182202,70.38655753567066,65.95517245910466,66.07998493485064,66.1355483471769,58.57968889277701,58.608638137670425,58.6700039476299,127732.76463441894,128401.5904928153,129111.37450436057
116,37.5041417600926,37.950239309809064,38.49574253852104,34.491578304301406,34.582420132613876,34.690965101759126,70.28369843136605,70.35095649182202,70.38655753567066,65.95517245910466,66.07998493485064,66.1355483471769,58.57968889277701,58.608638137670425,58.6700039476299,127732.76463441894,128401.5904928153,129111.37450436057
117,37.5041417600926,37.950239309809064,38.49574253852104,34.491578304301406,34.582420132613876,34.690965101759126,70.28369843136605,70.35095649182202,70.38655753567066,65.95517245910466,66.07998493485064,66.1355483471769,58.57968889277701,58.608638137670425,58.6700039476299,127732.76463441894,128401.5904928153,129111.37450436057
118,37.5041417600926,37.950239309809064,38.49574253852104,34.491578304301406,34.582420132613876,34.690965101759126,70.28369843136605,70.35095649182202,70.38655753567066,65.95517245910466,66.07998493485064,66.1355483471769,58.57968889277701,58.608638137670425,58.6700039476299,127732.76463441894,128401.5904928153,129111.37450436057
119,37.5041417600926,37.950239309809064,38.49574253852104,34.491578304301406,34.582420132613876,34.690965101759126,70.28369843136605,70.35095649182202,70.38655753567066,65.95517245910466,66.07998493485064,66.1355483471769,58.57968889277701,58.608638137670425,58.6700039476299,127732.76463441894,128401.5904928153,129111.37450436057
120,37.5041417600926,37.950239309809064,38.49574253852104,34.491578304301406,34.582420132613876,34.690965101759126,70.28369843136605,70.35095649182202,70.38655753567066,65.95517245910466,66.07998493485064,66.1355483471769,58.57968889277701,58.608638137670425,58.6700039476299,127732.76463441894,128401.5904928153,129111.37450436057
121,37.5041417600926,37.950239309809064,38.49574253852104,34.491578304301406,34.582420132613876,34.690965101759126,70.28369843136605,70.35095649182202,70.38655753567066,65.95517245910466,66.07998493485064,66.1355483471769,58.57968889277701,58.608638137670425,58.6700039476299,127732.76463441894,128401.5904928153,129111.37450436057
122,37.5041417600926,37.950239309809064,38.49574253852104,34.491578304301406,34.582420132613876,34.690965101759126,70.28369843136605,70.35095649182202,70.38655753567066,65.95517245910466,66.07998493485064,66.1355483471769,58.57968889277701,58.608638137670425,58.6700039476299,127732.76463441894,128401.5904928153,129111.37450436057
123,37.5041417600926,37.950239309809064,38.49574253852104,34.491578304301406,34.582420132613876,34.690965101759126,70.28369843136605,70.35095649182202,70.38655753567066,65.95517245910466,66.07998493485064,66.1355483471769,58.57968889277701,58.608638137670425,58.6700039476299,127732.76463441894,128401.5904928153,129111.37450436057
124,37.5041417600926,37.950239309809064,38.49574253852104,34.491578304301406,34.582420132613876,34.690965101759126,70.28369843136605,70.35095649182202,70.38655753567066,65.95517245910466,66.07998493485064,66.1355483471769,58.57968889277701,58.608638137670425,58.6700039476299,127732.76463441894,128401.5904928153,129111.37450436057
125,37.5041417600926,37.950239309809064,38.49574253852104,34.491578304301406,34.582420132613876,34.690965101759126,70.28369843136605,70.35095649182202,70.38655753567066,65.95517245910466,66.07998493485064,66.1355483471769,58.57968889277701,58.608638137670425,58.6700039476299,127732.76463441894,128401.5904928153,129111.37450436057
126,37.5041417600926,37.950239309809064,38.49574253852104,34.491578304301406,34.582420132613876,34.690965101759126,70.28369843136605,70.35095649182202,70.38655753567066,65.95517245910466,66.07998493485064,66.1355483471769,58.57968889277701,58.608638137670425,58.6700039476299,127732.76463441894,128401.5904928153,129111.37450436057
127,37.5041417600926,37.950239309809064,38.49574253852104,34.491578304301406,34.582420132613876,34.690965101759126,70.28369843136605,70.35095649182202,70.38655753567066,65.95517245910466,66.07998493485064,66.1355483471769,58.57968889277701,58.608638137670425,58.6700039476299,127732.76463441894,128401.5904928153,129111.37450436057
128,37.5041417600926,37.950239309809064,38.49574253852104,34.491578304301406,34.582420132613876,34.690965101759126,70.28369843136605,70.35095649182202,70.38655753567066,65.95517245910466,66.07998493485064,66.1355483471769,58.57968889277701,58.608638137670425,58.6700039476299,127732.76463441894,128401.5904928153,129111.37450436057
129,37.5041417600926,37.950239309809064,38.49574253852104,34.491578304301406,34.582420132613876,34.690965101759126,70.28369843136605,70.35095649182202,70.38655753567066,65.95517245910466,66.07998493485064,66.1355483471769,58.57968889277701,58.608638137670425,58.6700039476299,127732.76463441894,128401.5904928153,129111.37450436057
130,37.5041417600926,37.950239309809064,38.49574253852104,34.491578304301406,34.582420132613876,34.690965101759126,70.28369843136605,70.35095649182202,70.38655753567066,65.95517245910466,66.07998493485064,66.1355483471769,58.57968889277701,58.608638137670425,58.6700039476299,127732.76463441894,128401.5904928153,129111.37450436057
131,37.5041417600926,37.950239309809064,38.49574253852104,34.491578304301406,34.582420132613876,34.690965101759126,70.28369843136605,70.35095649182202,70.38655753567066,65.95517245910466,66.07998493485064,66.1355483471769,58.57968889277701,58.608638137670425,58.6700039476299,127732.76463441894,128401.5904928153,129111.37450436057
132,37.5041417600926,37.950239309809064,38.49574253852104,34.491578304301406,34.582420132613876,34.690965101759126,70.28369843136605,70.35095649182202,70.38655753567066,65.95517245910466,66.07998493485064,66.1355483471769,58.57968889277701,58.608638137670425,58.6700039476299,127732.76463441894,128401.5904928153,129111.37450436057
133,37.5041417600926,37.950239309809064,38.49574253852104,34.491578304301406,34.582420132613876,34.690965101759126,70.28369843136605,70.35095649182202,70.38655753567066,65.95517245910466,66.07998493485064,66.1355483471769,58.57968889277701,58.608638137670425,58.6700039476299,127732.76463441894,128401.5904928153,129111.37450436057
134,37.5041417600926,37.950239309809064,38.49574253852104,34.491578304301406,34.582420132613876,34.690965101759126,70.28369843136605,70.35095649182202,70.38655753567066,65.95517245910466,66.07998493485064,66.1355483471769,58.57968889277701,58.608638137670425,58.6700039476299,127732.76463441894,128401.5904928153,129111.37450436057
135,37.5041417600926,37.950239309809064,38.49574253852104,34.491578304301406,34.582420132613876,34.690965101759126,70.28369843136605,70.35095649182202,70.38655753567066,65.95517245910466,66.07998493485064,66.1355483471769,58.57968889277701,58.608638137670425,58.6700039476299,127732.76463441894,128401.5904928153,129111.37450436057
136,37.5041417600926,37.950239309809064,38.49574253852104,34.491578304301406,34.582420132613876,34.690965101759126,70.28369843136605,70.35095649182202,70.38655753567066,65.95517245910466,66.07998493485064,66.1355483471769,58.57968889277701,58.608638137670425,58.6700039476299,127732.76463441894,128401.5904928153,129111.37450436057
137,37.5041417600926,37.950239309809064,38.49574253852104,34.491578304301406,34.582420132613876,34.690965101759126,70.28369843136605,70.35095649182202,70.38655753567066,65.95517245910466,66.07998493485064,66.1355483471769,58.57968889277701,58.608638137670425,58.6700039476299,127732.76463441894,128401.5904928153,129111.37450436057
138,37.5041417600926,37.950239309809064,38.49574253852104,34.491578304301406,34.582420132613876,34.690965101759126,70.28369843136605,70.35095649182202,70.38655753567066,65.95517245910466,66.07998493485064,66.1355483471769,58.57968889277701,58.608638137670425,58.6700039476299,127732.76463441894,128401.5904928153,129111.37450436057
139,37.5041417600926,37.950239309809064,38.49574253852104,34.491578304301406,34.582420132613876,34.690965101759126,70.28369843136605,70.35095649182202,70.38655753567066,65.95517245910466,66.07998493485064,66.1355483471769,58.57968889277701,58.608638137670425,58.6700039476299,127732.76463441894,128401.5904928153,129111.37450436057
140,37.5041417600926,37.950239309809064,38.49574253852104,34.491578304301406,34.582420132613876,34.690965101759126,70.28369843136605,70.35095649182202,70.38655753567066,65.95517245910466,66.07998493485064,66.1355483471769,58.57968889277701,58.608638137670425,58.6700039476299,127732.76463441894,128401.5904928153,129111.37450436057
141,37.5041417600926,37.950239309809064,38.49574253852104,34.491578304301406,34.582420132613876,34.690965101759126,70.28369843136605,70.35095649182202,70.38655753567066,65.95517245910466,66.07998493485064,66.1355483471769,58.57968889277701,58.608638137670425,58.6700039476299,127732.76463441894,128401.5904928153,129111.37450436057
142,37.5041417600926,37.950239309809064,38.49574253852104,34.491578304301406,34.582420132613876,34.690965101759126,70.28369843136605,70.35095649182202,70.38655753567066,65.95517245910466,66.07998493485064,66.1355483471769,58.57968889277701,58.608638137670425,58.6700039476299,127732.76463441894,128401.5904928153,129111.37450436057
143,37.5041417600926,37.950239309809064,38.49574253852104,34.491578304301406,34.582420132613876,34.690965101759126,70.28369843136605,70.35095649182202,70.38655753567066,65.95517245910466,66.07998493485064,66.1355483471769,58.57968889277701,58.608638137670425,58.6700039476299,127732.76463441894,128401.5904928153,129111.37450436057
144,37.5041417600926,37.950239309809064,38.49574253852104,34.491578304301406,34.582420132613876,34.690965101759126,70.28369843136605,70.35095649182202,70.38655753567066,65.95517245910466,66.07998493485064,66.1355483471769,58.57968889277701,58.608638137670425,58.6700039476299,127732.76463441894,128401.5904928153,129111.37450436057
145,37.5041417600926,37.950239309809064,38.49574253852104,34.491578304301406,34.582420132613876,34.690965101759126,70.28369843136605,70.35095649182202,70.38655753567066,65.95517245910466,66.07998493485064,66.1355483471769,58.57968889277701,58.608638137670425,58.6700039476299,127732.76463441894,128401.5904928153,129111.37450436057
146,37.5041417600926,37.950239309809064,38.49574253852104,34.491578304301406,34.582420132613876,34.690965101759126,70.28369843136605,70.35095649182202,70.38655753567066,65.95517245910466,66.07998493485064,66.1355483471769,58.57968889277701,58.608638137670425,58.6700039476299,127732.76463441894,128401.5904928153,129111.37450436057
147,37.5041417600926,37.950239309809064,38.49574253852104,34.491578304301406,34.582420132613876,34.690965101759126,70.28369843136605,70.35095649182202,70.38655753567066,65.95517245910466,66.07998493485064,66.1355483471769,58.57968889277701,58.608638137670425,58.6700039476299,127732.76463441894,128401.5904928153,129111.37450436057
148,37.5041417600926,37.950239309809064,38.49574253852104,34.491578304301406,34.582420132613876,34.690965101759126,70.28369843136605,70.35095649182202,70.38655753567066,65.95517245910466,66.07998493485064,66.1355483471769,58.57968889277701,58.608638137670425,58.6700039476299,127732.76463441894,128401.5904928153,129111.37450436057
149,37.5041417600926,37.950239309809064,38.49574253852104,34.491578304301406,34.582420132613876,34.690965101759126,70.28369843136605,70.35095649182202,70.38655753567066,65.95517245910466,66.07998493485064,66.1355483471769,58.57968889277701,58.608638137670425,58.6700039476299,127732.76463441894,128401.5904928153,129111.37450436057
150,37.5041417600926,37.950239309809064,38.49574253852104,34.491578304301406,34.582420132613876,34.690965101759126,70.28369843136605,70.35095649182202,70.38655753567066,65.95517245910466,66.07998493485064,66.1355483471769,58.57968889277701,58.608638137670425,58.6700039476299,127732.76463441894,128401.5904928153,129111.37450436057
151,37.5041417600926,37.950239309809064,38.49574253852104,34.491578304301406,34.582420132613876,34.690965101759126,70.28369843136605,70.35095649182202,70.38655753567066,65.95517245910466,66.07998493485064,66.1355483471769,58.57968889277701,58.608638137670425,58.6700039476299,127732.76463441894,128401.5904928153,129111.37450436057
152,37.5041417600926,37.950239309809064,38.49574253852104,34.491578304301406,34.582420132613876,34.690965101759126,70.28369843136605,70.35095649182202,70.38655753567066,65.95517245910466,66.07998493485064,66.1355483471769,58.57968889277701,58.608638137670425,58.6700039476299,127732.76463441894,128401.5904928153,129111.37450436057
153,37.5041417600926,37.950239309809064,38.49574253852104,34.491578304301406,34.582420132613876,34.690965101759126,70.28369843136605,70.35095649182202,70.38655753567066,65.95517245910466,66.07998493485064,66.1355483471769,58.57968889277701,58.608638137670425,58.6700039476299,127732.76463441894,128401.5904928153,129111.37450436057
154,37.5041417600926,37.950239309809064,38.49574253852104,34.491578304301406,34.582420132613876,34.690965101759126,70.28369843136605,70.35095649182202,70.38655753567066,65.95517245910466,66.07998493485064,66.1355483471769,58.57968889277701,58.608638137670425,58.6700039476299,127732.76463441894,128401.5904928153,129111.37450436057
155,37.5041417600926,37.950239309809064,38.49574253852104,34.491578304301406,34.582420132613876,34.690965101759126,70.28369843136605,70.35095649182202,70.38655753567066,65.95517245910466,66.07998493485064,66.1355483471769,58.57968889277701,58.608638137670425,58.6700039476299,127732.76463441894,128401.5904928153,129111.37450436057
156,37.5041417600926,37.950239309809064,38.49574253852104,34.491578304301406,34.582420132613876,34.690965101759126,70.28369843136605,70.35095649182202,70.38655753567066,65.95517245910466,66.07998493485064,66.1355483471769,58.57968889277701,58.608638137670425,58.6700039476299,127732.76463441894,128401.5904928153,129111.37450436057
157,37.5041417600926,37.950239309809064,38.49574253852104,34.491578304301406,34.582420132613876,34.690965101759126,70.28369843136605,70.35095649182202,70.38655753567066,65.95517245910466,66.07998493485064,66.1355483471769,58.57968889277701,58.608638137670425,58.6700039476299,127732.76463441894,128401.5904928153,129111.37450436057
158,37.5041417600926,37.950239309809064,38.49574253852104,34.491578304301406,34.582420132613876,34.690965101759126,70.28369843136605,70.35095649182202,70.38655753567066,65.95517245910466,66.07998493485064,66.1355483471769,58.57968889277701,58.608638137670425,58.6700039476299,127732.76463441894,128401.5904928153,129111.37450436057
159,37.5041417600926,37.950239309809064,38.49574253852104,34.491578304301406,34.582420132613876,34.690965101759126,70.28369843136605,70.35095649182202,70.38655753567066,65.95517245910466,66.07998493485064,66.1355483471769,58.57968889277701,58.608638137670425,58.6700039476299,127732.76463441894,128401.5904928153,129111.37450436057
160,37.5041417600926,37.950239309809064,38.49574253852104,34.491578304301406,34.582420132613876,34.690965101759126,70.28369843136605,70.35095649182202,70.38655753567066,65.95517245910466,66.07998493485064,66.1355483471769,58.57968889277701,58.608638137670425,58.6700039476299,127732.76463441894,128401.5904928153,129111.37450436057
161,37.5041417600926,37.950239309809064,38.49574253852104,34.491578304301406,34.582420132613876,34.690965101759126,70.28369843136605,70.35095649182202,70.38655753567066,65.95517245910466,66.07998493485064,66.1355483471769,58.57968889277701,58.608638137670425,58.6700039476299,127732.76463441894,128401.5904928153,129111.37450436057
162,37.5041417600926,37.950239309809064,38.49574253852104,34.491578304301406,34.582420132613876,34.690965101759126,70.28369843136605,70.35095649182202,70.38655753567066,65.95517245910466,66.07998493485064,66.1355483471769,58.57968889277701,58.608638137670425,58.6700039476299,127732.76463441894,128401.5904928153,129111.37450436057
163,37.5041417600926,37.950239309809064,38.49574253852104,34.491578304301406,34.582420132613876,34.690965101759126,70.28369843136605,70.35095649182202,70.38655753567066,65.95517245910466,66.07998493485064,66.1355483471769,58.57968889277701,58.608638137670425,58.6700039476299,127732.76463441894,128401.5904928153,129111.37450436057
164,37.5041417600926,37.950239309809064,38.49574253852104,34.491578304301406,34.582420132613876,34.690965101759126,70.28369843136605,70.35095649182202,70.38655753567066,65.95517245910466,66.07998493485064,66.1355483471769,58.57968889277701,58.608638137670425,58.6700039476299,127732.76463441894,128401.5904928153,129111.37450436057
165,37.5041417600926,37.950239309809064,38.49574253852104,34.491578304301406,34.582420132613876,34.690965101759126,70.28369843136605,70.35095649182202,70.38655753567066,65.95517245910466,66.07998493485064,66.1355483471769,58.57968889277701,58.608638137670425,58.6700039476299,127732.76463441894,128401.5904928153,129111.37450436057
166,37.5041417600926,37.950239309809064,38.49574253852104,34.491578304301406,34.582420132613876,34.690965101759126,70.28369843136605,70.35095649182202,70.38655753567066,65.95517245910466,66.07998493485064,66.1355483471769,58.57968889277701,58.608638137670425,58.6700039476299,127732.76463441894,128401.5904928153,129111.37450436057
167,37.5041417600926,37.950239309809064,38.49574253852104,34.491578304301406,34.582420132613876,34.690965101759126,70.28369843136605,70.35095649182202,70.38655753567066,65.95517245910466,66.07998493485064,66.1355483471769,58.57968889277701,58.608638137670425,58.6700039476299,127732.76463441894,128401.5904928153,129111.37450436057
168,37.5041417600926,37.950239309809064,38.49574253852104,34.491578304301406,34.582420132613876,34.690965101759126,70.28369843136605,70.35095649182202,70.38655753567066,65.95517245910466,66.07998493485064,66.1355483471769,58.57968889277701,58.608638137670425,58.6700039476299,127732.76463441894,128401.5904928153,129111.37450436057
169,37.5041417600926,37.950239309809064,38.49574253852104,34.491578304301406,34.582420132613876,34.690965101759126,70.28369843136605,70.35095649182202,70.38655753567066,65.95517245910466,66.07998493485064,66.1355483471769,58.57968889277701,58.608638137670425,58.6700039476299,127732.76463441894,128401.5904928153,129111.37450436057
170,37.5041417600926,37.950239309809064,38.49574253852104,34.491578304301406,34.582420132613876,34.690965101759126,70.28369843136605,70.35095649182202,70.38655753567066,65.95517245910466,66.07998493485064,66.1355483471769,58.57968889277701,58.608638137670425,58.6700039476299,127732.76463441894,128401.5904928153,129111.37450436057
171,37.5041417600926,37.950239309809064,38.49574253852104,34.491578304301406,34.582420132613876,34.690965101759126,70.28369843136605,70.35095649182202,70.38655753567066,65.95517245910466,66.07998493485064,66.1355483471769,58.57968889277701,58.608638137670425,58.6700039476299,127732.76463441894,128401.5904928153,129111.37450436057
172,37.5041417600926,37.950239309809064,38.49574253852104,34.491578304301406,34.582420132613876,34.690965101759126,70.28369843136605,70.35095649182202,70.38655753567066,65.95517245910466,66.07998493485064,66.1355483471769,58.57968889277701,58.608638137670425,58.6700039476299,127732.76463441894,128401.5904928153,129111.37450436057
173,37.5041417600926,37.950239309809064,38.49574253852104,34.491578304301406,34.582420132613876,34.690965101759126,70.28369843136605,70.35095649182202,70.38655753567066,65.95517245910466,66.07998493485064,66.1355483471769,58.57968889277701,58.608638137670425,58.6700039476299,127732.76463441894,128401.5904928153,129111.37450436057
174,37.5041417600926,37.950239309809064,38.49574253852104,34.491578304301406,34.582420132613876,34.690965101759126,70.28369843136605,70.35095649182202,70.38655753567066,65.95517245910466,66.07998493485064,66.1355483471769,58.57968889277701,58.608638137670425,58.6700039476299,127732.76463441894,128401.5904928153,129111.37450436057
175,37.5041417600926,37.950239309809064,38.49574253852104,34.491578304301406,34.582420132613876,34.690965101759126,70.28369843136605,70.35095649182202,70.38655753567066,65.95517245910466,66.07998493485064,66.1355483471769,58.57968889277701,58.608638137670425,58.6700039476299,127732.76463441894,128401.5904928153,129111.37450436057
176,37.5041417600926,37.950239309809064,38.49574253852104,34.491578304301406,34.582420132613876,34.690965101759126,70.28369843136605,70.35095649182202,70.38655753567066,65.95517245910466,66.07998493485064,66.1355483471769,58.57968889277701,58.608638137670425,58.6700039476299,127732.76463441894,128401.5904928153,129111.37450436057
177,37.5041417600926,37.950239309809064,38.49574253852104,34.491578304301406,34.582420132613876,34.690965101759126,70.28369843136605,70.35095649182202,70.38655753567066,65.95517245910466,66.07998493485064,66.1355483471769,58.57968889277701,58.608638137670425,58.6700039476299,127732.76463441894,128401.5904928153,129111.37450436057
178,37.5041417600926,37.950239309809064,38.49574253852104,34.491578304301406,34.582420132613876,34.690965101759126,70.28369843136605,70.35095649182202,70.38655753567066,65.95517245910466,66.07998493485064,66.1355483471769,58.57968889277701,58.608638137670425,58.6700039476299,127732.76463441894,128401.5904928153,129111.37450436057
179,37.5041417600926,37.950239309809064,38.49574253852104,34.491578304301406,34.582420132613876,34.690965101759126,70.28369843136605,70.35095649182202,70.38655753567066,65.95517245910466,66.07998493485064,66.1355483471769,58.57968889277701,58.608638137670425,58.6700039476299,127732.76463441894,128401.5904928153,129111.37450436057
180,37.5041417600926,37.950239309809064,38.49574253852104,34.491578304301406,34.582420132613876,34.690965101759126,70.28369843136605,70.35095649182202,70.38655753567066,65.95517245910466,66.07998493485064,66.1355483471769,58.57968889277701,58.608638137670425,58.6700039476299,127732.76463441894,128401.5904928153,129111.37450436057
181,37.5041417600926,37.950239309809064,38.49574253852104,34.491578304301406,34.582420132613876,34.690965101759126,70.28369843136605,70.35095649182202,70.38655753567066,65.95517245910466,66.07998493485064,66.1355483471769,58.57968889277701,58.608638137670425,58.6700039476299,127732.76463441894,128401.5904928153,129111.37450436057
182,37.5041417600926,37.950239309809064,38.49574253852104,34.491578304301406,34.582420132613876,34.690965101759126,70.28369843136605,70.35095649182202,70.38655753567066,65.95517245910466,66.07998493485064,66.1355483471769,58.57968889277701,58.608638137670425,58.6700039476299,127732.76463441894,128401.5904928153,129111.37450436057
183,37.5041417600926,37.950239309809064,38.49574253852104,34.491578304301406,34.582420132613876,34.690965101759126,70.28369843136605,70.35095649182202,70.38655753567066,65.95517245910466,66.07998493485064,66.1355483471769,58.57968889277701,58.608638137670425,58.6700039476299,127732.76463441894,128401.5904928153,129111.37450436057
184,37.5041417600926,37.950239309809064,38.49574253852104,34.491578304301406,34.582420132613876,34.690965101759126,70.28369843136605,70.35095649182202,70.38655753567066,65.95517245910466,66.07998493485064,66.1355483471769,58.57968889277701,58.608638137670425,58.6700039476299,127732.76463441894,128401.5904928153,129111.37450436057
185,37.5041417600926,37.950239309809064,38.49574253852104,34.491578304301406,34.582420132613876,34.690965101759126,70.28369843136605,70.35095649182202,70.38655753567066,65.95517245910466,66.07998493485064,66.1355483471769,58.57968889277701,58.608638137670425,58.6700039476299,127732.76463441894,128401.5904928153,129111.37450436057
186,37.5041417600926,37.950239309809064,38.49574253852104,34.491578304301406,34.582420132613876,34.690965101759126,70.28369843136605,70.35095649182202,70.38655753567066,65.95517245910466,66.07998493485064,66.1355483471769,58.57968889277701,58.608638137670425,58.6700039476299,127732.76463441894,128401.5904928153,129111.37450436057
187,37.5041417600926,37.950239309809064,38.49574253852104,34.491578304301406,34.582420132613876,34.690965101759126,70.28369843136605,70.35095649182202,70.38655753567066,65.95517245910466,66.07998493485064,66.1355483471769,58.57968889277701,58.608638137670425,58.6700039476299,127732.76463441894,128401.5904928153,129111.37450436057
188,37.5041417600926,37.950239309809064,38.49574253852104,34.491578304301406,34.582420132613876,34.690965101759126,70.28369843136605,70.35095649182202,70.38655753567066,65.95517245910466,66.07998493485064,66.1355483471769,58.57968889277701,58.608638137670425,58.6700039476299,127732.76463441894,128401.5904928153,129111.37450436057
189,37.5041417600926,37.950239309809064,38.49574253852104,34.491578304301406,34.582420132613876,34.690965101759126,70.28369843136605,70.35095649182202,70.38655753567066,65.95517245910466,66.07998493485064,66.1355483471769,58.57968889277701,58.608638137670425,58.6700039476299,127732.76463441894,128401.5904928153,129111.37450436057
190,37.5041417600926,37.950239309809064,38.49574253852104,34.491578304301406,34.582420132613876,34.690965101759126,70.28369843136605,70.35095649182202,70.38655753567066,65.95517245910466,66.07998493485064,66.1355483471769,58.57968889277701,58.608638137670425,58.6700039476299,127732.76463441894,128401.5904928153,129111.37450436057
191,37.5041417600926,37.950239309809064,38.49574253852104,34.491578304301406,34.582420132613876,34.690965101759126,70.28369843136605,70.35095649182202,70.38655753567066,65.95517245910466,66.07998493485064,66.1355483471769,58.57968889277701,58.608638137670425,58.6700039476299,127732.76463441894,128401.5904928153,129111.37450436057
192,37.5041417600926,37.950239309809064,38.49574253852104,34.491578304301406,34.582420132613876,34.690965101759126,70.28369843136605,70.35095649182202,70.38655753567066,65.95517245910466,66.07998493485064,66.1355483471769,58.57968889277701,58.608638137670425,58.6700039476299,127732.76463441894,128401.5904928153,129111.37450436057
193,37.5041417600926,37.950239309809064,38.49574253852104,34.491578304301406,34.582420132613876,34.690965101759126,70.28369843136605,70.35095649182202,70.38655753567066,65.95517245910466,66.07998493485064,66.1355483471769,58.57968889277701,58.608638137670425,58.6700039476299,127732.76463441894,128401.5904928153,129111.37450436057
194,37.5041417600926,37.950239309809064,38.49574253852104,34.491578304301406,34.582420132613876,34.690965101759126,70.28369843136605,70.35095649182202,70.38655753567066,65.95517245910466,66.07998493485064,66.1355483471769,58.57968889277701,58.608638137670425,58.6700039476299,127732.76463441894,128401.5904928153,129111.37450436057
195,37.5041417600926,37.950239309809064,38.49574253852104,34.491578304301406,34.582420132613876,34.690965101759126,70.28369843136605,70.35095649182202,70.38655753567066,65.95517245910466,66.07998493485064,66.1355483471769,58.57968889277701,58.608638137670425,58.6700039476299,127732.76463441894,128401.5904928153,129111.37450436057
196,37.5041417600926,37.950239309809064,38.49574253852104,34.491578304301406,34.582420132613876,34.690965101759126,70.28369843136605,70.35095649182202,70.38655753567066,65.95517245910466,66.07998493485064,66.1355483471769,58.57968889277701,58.608638137670425,58.6700039476299,127732.76463441894,128401.5904928153,129111.37450436057
197,37.5041417600926,37.950239309809064,38.49574253852104,34.491578304301406,34.582420132613876,34.690965101759126,70.28369843136605,70.35095649182202,70.38655753567066,65.95517245910466,66.07998493485064,66.1355483471769,58.57968889277701,58.608638137670425,58.6700039476299,127732.76463441894,128401.5904928153,129111.37450436057
198,37.5041417600926,37.950239309809064,38.49574253852104,34.491578304301406,34.582420132613876,34.690965101759126,70.28369843136605,70.35095649182202,70.38655753567066,65.95517245910466,66.07998493485064,66.1355483471769,58.57968889277701,58.608638137670425,58.6700039476299,127732.76463441894,128401.5904928153,129111.37450436057
199,37.5041417600926,37.950239309809064,38.49574253852104,34.491578304301406,34.582420132613876,34.690965101759126,70.28369843136605,70.35095649182202,70.38655753567066,65.95517245910466,66.07998493485064,66.1355483471769,58.57968889277701,58.608638137670425,58.6700039476299,127732.76463441894,128401.5904928153,129111.37450436057
200,37.5041417600926,37.950239309809064,38.49574253852104,34.491578304301406,34.582420132613876,34.690965101759126,70.28369843136605,70.35095649182202,70.38655753567066,65.95517245910466,66.07998493485064,66.1355483471769,58.57968889277701,58.608638137670425,58.6700039476299,127732.76463441894,128401.5904928153,129111.37450436057
201,37.5041417600926,37.950239309809064,38.49574253852104,34.491578304301406,34.582420132613876,34.690965101759126,70.28369843136605,70.35095649182202,70.38655753567066,65.95517245910466,66.07998493485064,66.1355483471769,58.57968889277701,58.608638137670425,58.6700039476299,127732.76463441894,128401.5904928153,129111.37450436057
202,37.5041417600926,37.950239309809064,38.49574253852104,34.491578304301406,34.582420132613876,34.690965101759126,70.28369843136605,70.35095649182202,70.38655753567066,65.95517245910466,66.07998493485064,66.1355483471769,58.57968889277701,58.608638137670425,58.6700039476299,127732.76463441894,128401.5904928153,129111.37450436057
203,37.5041417600926,37.950239309809064,38.49574253852104,34.491578304301406,34.582420132613876,34.690965101759126,70.28369843136605,70.35095649182202,70.38655753567066,65.95517245910466,66.07998493485064,66.1355483471769,58.57968889277701,58.608638137670425,58.6700039476299,127732.76463441894,128401.5904928153,129111.37450436057
204,37.5041417600926,37.950239309809064,38.49574253852104,34.491578304301406,34.582420132613876,34.690965101759126,70.28369843136605,70.35095649182202,70.38655753567066,65.95517245910466,66.07998493485064,66.1355483471769,58.57968889277701,58.608638137670425,58.6700039476299,127732.76463441894,128401.5904928153,129111.37450436057
205,37.5041417600926,37.950239309809064,38.49574253852104,34.491578304301406,34.582420132613876,34.690965101759126,70.28369843136605,70.35095649182202,70.38655753567066,65.95517245910466,66.07998493485064,66.1355483471769,58.57968889277701,58.608638137670425,58.6700039476299,127732.76463441894,128401.5904928153,129111.37450436057
206,37.5041417600926,37.950239309809064,38.49574253852104,34.491578304301406,34.582420132613876,34.690965101759126,70.28369843136605,70.35095649182202,70.38655753567066,65.95517245910466,66.07998493485064,66.1355483471769,58.57968889277701,58.608638137670425,58.6700039476299,127732.76463441894,128401.5904928153,129111.37450436057
207,37.5041417600926,37.950239309809064,38.49574253852104,34.491578304301406,34.582420132613876,34.690965101759126,70.28369843136605,70.35095649182202,70.38655753567066,65.95517245910466,66.07998493485064,66.1355483471769,58.57968889277701,58.608638137670425,58.6700039476299,127732.76463441894,128401.5904928153,129111.37450436057
208,37.5041417600926,37.950239309809064,38.49574253852104,34.491578304301406,34.582420132613876,34.690965101759126,70.28369843136605,70.35095649182202,70.38655753567066,65.95517245910466,66.07998493485064,66.1355483471769,58.57968889277701,58.608638137670425,58.6700039476299,127732.76463441894,128401.5904928153,129111.37450436057
209,37.5041417600926,37.950239309809064,38.49574253852104,34.491578304301406,34.582420132613876,34.690965101759126,70.28369843136605,70.35095649182202,70.38655753567066,65.95517245910466,66.07998493485064,66.1355483471769,58.57968889277701,58.608638137670425,58.6700039476299,127732.76463441894,128401.5904928153,129111.37450436057
210,37.5041417600926,37.950239309809064,38.49574253852104,34.491578304301406,34.582420132613876,34.690965101759126,70.28369843136605,70.35095649182202,70.38655753567066,65.95517245910466,66.07998493485064,66.1355483471769,58.57968889277701,58.608638137670425,58.6700039476299,127732.76463441894,128401.5904928153,129111.37450436057
211,37.5041417600926,37.950239309809064,38.49574253852104,34.491578304301406,34.582420132613876,34.690965101759126,70.28369843136605,70.35095649182202,70.38655753567066,65.95517245910466,66.07998493485064,66.1355483471769,58.57968889277701,58.608638137670425,58.6700039476299,127732.76463441894,128401.5904928153,129111.37450436057
212,37.5041417600926,37.950239309809064,38.49574253852104,34.491578304301406,34.582420132613876,34.690965101759126,70.28369843136605,70.35095649182202,70.38655753567066,65.95517245910466,66.07998493485064,66.1355483471769,58.57968889277701,58.608638137670425,58.6700039476299,127732.76463441894,128401.5904928153,129111.37450436057
213,37.5041417600926,37.950239309809064,38.49574253852104,34.491578304301406,34.582420132613876,34.690965101759126,70.28369843136605,70.35095649182202,70.38655753567066,65.95517245910466,66.07998493485064,66.1355483471769,58.57968889277701,58.608638137670425,58.6700039476299,127732.76463441894,128401.5904928153,129111.37450436057
214,37.5041417600926,37.950239309809064,38.49574253852104,34.491578304301406,34.582420132613876,34.690965101759126,70.28369843136605,70.35095649182202,70.38655753567066,65.95517245910466,66.07998493485064,66.1355483471769,58.57968889277701,58.608638137670425,58.6700039476299,127732.76463441894,128401.5904928153,129111.37450436057
215,37.5041417600926,37.950239309809064,38.49574253852104,34.491578304301406,34.582420132613876,34.690965101759126,70.28369843136605,70.35095649182202,70.38655753567066,65.95517245910466,66.07998493485064,66.1355483471769,58.57968889277701,58.608638137670425,58.6700039476299,127732.76463441894,128401.5904928153,129111.37450436057
216,37.5041417600926,37.950239309809064,38.49574253852104,34.491578304301406,34.582420132613876,34.690965101759126,70.28369843136605,70.35095649182202,70.38655753567066,65.95517245910466,66.07998493485064,66.1355483471769,58.57968889277701,58.608638137670425,58.6700039476299,127732.76463441894,128401.5904928153,129111.37450436057
217,37.5041417600926,37.950239309809064,38.49574253852104,34.491578304301406,34.582420132613876,34.690965101759126,70.28369843136605,70.35095649182202,70.38655753567066,65.95517245910466,66.07998493485064,66.1355483471769,58.57968889277701,58.608638137670425,58.6700039476299,127732.76463441894,128401.5904928153,129111.37450436057
218,37.5041417600926,37.950239309809064,38.49574253852104,34.491578304301406,34.582420132613876,34.690965101759126,70.28369843136605,70.35095649182202,70.38655753567066,65.95517245910466,66.07998493485064,66.1355483471769,58.57968889277701,58.608638137670425,58.6700039476299,127732.76463441894,128401.5904928153,129111.37450436057
219,37.5041417600926,37.950239309809064,38.49574253852104,34.491578304301406,34.582420132613876,34.690965101759126,70.28369843136605,70.35095649182202,70.38655753567066,65.95517245910466,66.07998493485064,66.1355483471769,58.57968889277701,58.608638137670425,58.6700039476299,127732.76463441894,128401.5904928153,129111.37450436057
220,37.5041417600926,37.950239309809064,38.49574253852104,34.491578304301406,34.582420132613876,34.690965101759126,70.28369843136605,70.35095649182202,70.38655753567066,65.95517245910466,66.07998493485064,66.1355483471769,58.57968889277701,58.608638137670425,58.6700039476299,127732.76463441894,128401.5904928153,129111.37450436057
221,37.5041417600926,37.950239309809064,38.49574253852104,34.491578304301406,34.582420132613876,34.690965101759126,70.28369843136605,70.35095649182202,70.38655753567066,65.95517245910466,66.07998493485064,66.1355483471769,58.57968889277701,58.608638137670425,58.6700039476299,127732.76463441894,128401.5904928153,129111.37450436057
222,37.5041417600926,37.950239309809064,38.49574253852104,34.491578304301406,34.582420132613876,34.690965101759126,70.28369843136605,70.35095649182202,70.38655753567066,65.95517245910466,66.07998493485064,66.1355483471769,58.57968889277701,58.608638137670425,58.6700039476299,127732.76463441894,128401.5904928153,129111.37450436057
223,37.5041417600926,37.950239309809064,38.49574253852104,34.491578304301406,34.582420132613876,34.690965101759126,70.28369843136605,70.35095649182202,70.38655753567066,65.95517245910466,66.07998493485064,66.1355483471769,58.57968889277701,58.608638137670425,58.6700039476299,127732.76463441894,128401.5904928153,129111.37450436057
224,37.5041417600926,37.950239309809064,38.49574253852104,34.491578304301406,34.582420132613876,34.690965101759126,70.28369843136605,70.35095649182202,70.38655753567066,65.95517245910466,66.07998493485064,66.1355483471769,58.57968889277701,58.608638137670425,58.6700039476299,127732.76463441894,128401.5904928153,129111.37450436057
225,37.5041417600926,37.950239309809064,38.49574253852104,34.491578304301406,34.582420132613876,34.690965101759126,70.28369843136605,70.35095649182202,70.38655753567066,65.95517245910466,66.07998493485064,66.1355483471769,58.57968889277701,58.608638137670425,58.6700039476299,127732.76463441894,128401.5904928153,129111.37450436057
226,37.5041417600926,37.950239309809064,38.49574253852104,34.491578304301406,34.582420132613876,34.690965101759126,70.28369843136605,70.35095649182202,70.38655753567066,65.95517245910466,66.07998493485064,66.1355483471769,58.57968889277701,58.608638137670425,58.6700039476299,127732.76463441894,128401.5904928153,129111.37450436057
227,37.5041417600926,37.950239309809064,38.49574253852104,34.491578304301406,34.582420132613876,34.690965101759126,70.28369843136605,70.35095649182202,70.38655753567066,65.95517245910466,66.07998493485064,66.1355483471769,58.57968889277701,58.608638137670425,58.6700039476299,127732.76463441894,128401.5904928153,129111.37450436057
228,37.5041417600926,37.950239309809064,38.49574253852104,34.491578304301406,34.582420132613876,34.690965101759126,70.28369843136605,70.35095649182202,70.38655753567066,65.95517245910466,66.07998493485064,66.1355483471769,58.57968889277701,58.608638137670425,58.6700039476299,127732.76463441894,128401.5904928153,129111.37450436057
229,37.5041417600926,37.950239309809064,38.49574253852104,34.491578304301406,34.582420132613876,34.690965101759126,70.28369843136605,70.35095649182202,70.38655753567066,65.95517245910466,66.07998493485064,66.1355483471769,58.57968889277701,58.608638137670425,58.6700039476299,127732.76463441894,128401.5904928153,129111.37450436057
230,37.5041417600926,37.950239309809064,38.49574253852104,34.491578304301406,34.582420132613876,34.690965101759126,70.28369843136605,70.35095649182202,70.38655753567066,65.95517245910466,66.07998493485064,66.1355483471769,58.57968889277701,58.608638137670425,58.6700039476299,127732.76463441894,128401.5904928153,129111.37450436057
231,37.5041417600926,37.950239309809064,38.49574253852104,34.491578304301406,34.582420132613876,34.690965101759126,70.28369843136605,70.35095649182202,70.38655753567066,65.95517245910466,66.07998493485064,66.1355483471769,58.57968889277701,58.608638137670425,58.6700039476299,127732.76463441894,128401.5904928153,129111.37450436057
232,37.5041417600926,37.950239309809064,38.49574253852104,34.491578304301406,34.582420132613876,34.690965101759126,70.28369843136605,70.35095649182202,70.38655753567066,65.95517245910466,66.07998493485064,66.1355483471769,58.57968889277701,58.608638137670425,58.6700039476299,127732.76463441894,128401.5904928153,129111.37450436057
233,37.5041417600926,37.950239309809064,38.49574253852104,34.491578304301406,34.582420132613876,34.690965101759126,70.28369843136605,70.35095649182202,70.38655753567066,65.95517245910466,66.07998493485064,66.1355483471769,58.57968889277701,58.608638137670425,58.6700039476299,127732.76463441894,128401.5904928153,129111.37450436057
234,37.5041417600926,37.950239309809064,38.49574253852104,34.491578304301406,34.582420132613876,34.690965101759126,70.28369843136605,70.35095649182202,70.38655753567066,65.95517245910466,66.07998493485064,66.1355483471769,58.57968889277701,58.608638137670425,58.6700039476299,127732.76463441894,128401.5904928153,129111.37450436057
235,37.5041417600926,37.950239309809064,38.49574253852104,34.491578304301406,34.582420132613876,34.690965101759126,70.28369843136605,70.35095649182202,70.38655753567066,65.95517245910466,66.07998493485064,66.1355483471769,58.57968889277701,58.608638137670425,58.6700039476299,127732.76463441894,128401.5904928153,129111.37450436057
236,37.5041417600926,37.950239309809064,38.49574253852104,34.491578304301406,34.582420132613876,34.690965101759126,70.28369843136605,70.35095649182202,70.38655753567066,65.95517245910466,66.07998493485064,66.1355483471769,58.57968889277701,58.608638137670425,58.6700039476299,127732.76463441894,128401.5904928153,129111.37450436057
237,37.5041417600926,37.950239309809064,38.49574253852104,34.491578304301406,34.582420132613876,34.690965101759126,70.28369843136605,70.35095649182202,70.38655753567066,65.95517245910466,66.07998493485064,66.1355483471769,58.57968889277701,58.608638137670425,58.6700039476299,127732.76463441894,128401.5904928153,129111.37450436057
238,37.5041417600926,37.950239309809064,38.49574253852104,34.491578304301406,34.582420132613876,34.690965101759126,70.28369843136605,70.35095649182202,70.38655753567066,65.95517245910466,66.07998493485064,66.1355483471769,58.57968889277701,58.608638137670425,58.6700039476299,127732.76463441894,128401.5904928153,129111.37450436057
239,37.5041417600926,37.950239309809064,38.49574253852104,34.491578304301406,34.582420132613876,34.690965101759126,70.28369843136605,70.35095649182202,70.38655753567066,65.95517245910466,66.07998493485064,66.1355483471769,58.57968889277701,58.608638137670425,58.6700039476299,127732.76463441894,128401.5904928153,129111.37450436057
240,37.5041417600926,37.950239309809064,38.49574253852104,34.491578304301406,34.582420132613876,34.690965101759126,70.28369843136605,70.35095649182202,70.38655753567066,65.95517245910466,66.07998493485064,66.1355483471769,58.57968889277701,58.608638137670425,58.6700039476299,127732.76463441894,128401.5904928153,129111.37450436057
241,37.5041417600926,37.950239309809064,38.49574253852104,34.491578304301406,34.582420132613876,34.690965101759126,70.28369843136605,70.35095649182202,70.38655753567066,65.95517245910466,66.07998493485064,66.1355483471769,58.57968889277701,58.608638137670425,58.6700039476299,127732.76463441894,128401.5904928153,129111.37450436057
242,37.5041417600926,37.950239309809064,38.49574253852104,34.491578304301406,34.582420132613876,34.690965101759126,70.28369843136605,70.35095649182202,70.38655753567066,65.95517245910466,66.07998493485064,66.1355483471769,58.57968889277701,58.608638137670425,58.6700039476299,127732.76463441894,128401.5904928153,129111.37450436057
243,37.5041417600926,37.950239309809064,38.49574253852104,34.491578304301406,34.582420132613876,34.690965101759126,70.28369843136605,70.35095649182202,70.38655753567066,65.95517245910466,66.07998493485064,66.1355483471769,58.57968889277701,58.608638137670425,58.6700039476299,127732.76463441894,128401.5904928153,129111.37450436057
244,37.5041417600926,37.950239309809064,38.49574253852104,34.491578304301406,34.582420132613876,34.690965101759126,70.28369843136605,70.35095649182202,70.38655753567066,65.95517245910466,66.07998493485064,66.1355483471769,58.57968889277701,58.608638137670425,58.6700039476299,127732.76463441894,128401.5904928153,129111.37450436057
245,37.5041417600926,37.950239309809064,38.49574253852104,34.491578304301406,34.582420132613876,34.690965101759126,70.28369843136605,70.35095649182202,70.38655753567066,65.95517245910466,66.07998493485064,66.1355483471769,58.57968889277701,58.608638137670425,58.6700039476299,127732.76463441894,128401.5904928153,129111.37450436057
246,37.5041417600926,37.950239309809064,38.49574253852104,34.491578304301406,34.582420132613876,34.690965101759126,70.28369843136605,70.35095649182202,70.38655753567066,65.95517245910466,66.07998493485064,66.1355483471769,58.57968889277701,58.608638137670425,58.6700039476299,127732.76463441894,128401.5904928153,129111.37450436057
247,37.5041417600926,37.950239309809064,38.49574253852104,34.491578304301406,34.582420132613876,34.690965101759126,70.28369843136605,70.35095649182202,70.38655753567066,65.95517245910466,66.07998493485064,66.1355483471769,58.57968889277701,58.608638137670425,58.6700039476299,127732.76463441894,128401.5904928153,129111.37450436057
248,37.5041417600926,37.950239309809064,38.49574253852104,34.491578304301406,34.582420132613876,34.690965101759126,70.28369843136605,70.35095649182202,70.38655753567066,65.95517245910466,66.07998493485064,66.1355483471769,58.57968889277701,58.608638137670425,58.6700039476299,127732.76463441894,128401.5904928153,129111.37450436057
249,37.5041417600926,37.950239309809064,38.49574253852104,34.491578304301406,34.582420132613876,34.690965101759126,70.28369843136605,70.35095649182202,70.38655753567066,65.95517245910466,66.07998493485064,66.1355483471769,58.57968889277701,58.608638137670425,58.6700039476299,127732.76463441894,128401.5904928153,129111.37450436057
