Date,^BVSP
2022-06-21 00:00:00+00:00,99685.0
2024-03-07 00:00:00+00:00,128340.0
2017-07-19 00:00:00+00:00,65180.0
2018-05-17 00:00:00+00:00,83622.0
2019-12-02 00:00:00+00:00,109061.0
2021-12-03 00:00:00+00:00,105070.0
2015-06-25 00:00:00+00:00,53176.0
2020-05-29 00:00:00+00:00,87403.0
2016-04-04 00:00:00+00:00,48780.0
2019-11-25 00:00:00+00:00,108424.0
2023-10-30 00:00:00+00:00,112532.0
2023-05-12 00:00:00+00:00,108464.0
2020-01-28 00:00:00+00:00,116479.0
2014-10-24 00:00:00+00:00,51941.0
2021-03-31 00:00:00+00:00,116634.0
2021-12-22 00:00:00+00:00,105244.0
2014-06-30 00:00:00+00:00,53168.0
2015-02-24 00:00:00+00:00,51874.0
2016-05-03 00:00:00+00:00,52260.0
2020-02-28 00:00:00+00:00,104172.0
2021-03-17 00:00:00+00:00,116549.0
2024-10-18 00:00:00+00:00,130499.0
2023-04-03 00:00:00+00:00,101506.0
2015-02-10 00:00:00+00:00,48510.0
2022-08-23 00:00:00+00:00,112857.0
2015-01-14 00:00:00+00:00,47646.0
2015-06-17 00:00:00+00:00,53249.0
2019-05-23 00:00:00+00:00,93910.0
2016-06-14 00:00:00+00:00,48648.0
2018-02-28 00:00:00+00:00,85481.0
2021-03-05 00:00:00+00:00,115202.0
2016-07-19 00:00:00+00:00,56698.0
2023-11-24 00:00:00+00:00,125542.0
2021-04-29 00:00:00+00:00,120066.0
2023-02-02 00:00:00+00:00,109935.0
2015-02-27 00:00:00+00:00,51583.0
2018-05-15 00:00:00+00:00,85130.0
2017-11-15 00:00:00+00:00,70827.0
2023-04-10 00:00:00+00:00,101847.0
2024-11-07 00:00:00+00:00,129682.0
2015-09-16 00:00:00+00:00,48553.0
2022-05-25 00:00:00+00:00,110580.0
2021-08-26 00:00:00+00:00,118724.0
2021-07-12 00:00:00+00:00,127594.0
2014-08-28 00:00:00+00:00,60291.0
2014-04-07 00:00:00+00:00,52155.0
2021-10-14 00:00:00+00:00,113185.0
2017-06-16 00:00:00+00:00,61626.0
2024-06-18 00:00:00+00:00,119630.0
2021-04-05 00:00:00+00:00,117518.0
2016-12-29 00:00:00+00:00,60227.0
2022-05-20 00:00:00+00:00,108488.0
2023-11-13 00:00:00+00:00,120376.0
2014-12-03 00:00:00+00:00,52320.0
2021-07-27 00:00:00+00:00,124612.0
2023-07-14 00:00:00+00:00,117711.0
2019-08-09 00:00:00+00:00,103996.0
2018-06-20 00:00:00+00:00,72123.0
2022-01-10 00:00:00+00:00,101945.0
2020-04-01 00:00:00+00:00,70967.0
2017-12-21 00:00:00+00:00,75133.0
2018-01-04 00:00:00+00:00,78647.0
2017-05-19 00:00:00+00:00,62639.0
2019-01-28 00:00:00+00:00,95444.0
2015-07-07 00:00:00+00:00,52344.0
2023-02-01 00:00:00+00:00,112303.0
2024-01-26 00:00:00+00:00,128967.0
2021-08-11 00:00:00+00:00,122056.0
2015-03-16 00:00:00+00:00,48848.0
2016-06-06 00:00:00+00:00,50432.0
2020-12-17 00:00:00+00:00,118157.0
2017-01-12 00:00:00+00:00,63954.0
2014-05-28 00:00:00+00:00,52640.0
2019-12-05 00:00:00+00:00,110622.0
2019-08-29 00:00:00+00:00,100524.0
2017-06-30 00:00:00+00:00,62900.0
2016-12-21 00:00:00+00:00,57647.0
2018-05-16 00:00:00+00:00,86537.0
2021-06-08 00:00:00+00:00,129787.0
2016-02-25 00:00:00+00:00,41888.0
2019-11-07 00:00:00+00:00,109581.0
2019-12-04 00:00:00+00:00,110301.0
2019-09-19 00:00:00+00:00,104339.0
2016-07-28 00:00:00+00:00,56667.0
2023-08-03 00:00:00+00:00,120586.0
2014-09-30 00:00:00+00:00,54116.0
2022-06-22 00:00:00+00:00,99522.0
2021-09-27 00:00:00+00:00,113583.0
2023-12-05 00:00:00+00:00,126903.0
2018-01-11 00:00:00+00:00,79365.0
2020-07-01 00:00:00+00:00,96203.0
2018-10-09 00:00:00+00:00,86088.0
2022-04-29 00:00:00+00:00,107876.0
2022-08-01 00:00:00+00:00,102225.0
2016-01-28 00:00:00+00:00,38630.0
2018-08-10 00:00:00+00:00,76514.0
2018-03-27 00:00:00+00:00,83808.0
2023-09-12 00:00:00+00:00,117968.0
2020-09-14 00:00:00+00:00,100275.0
2023-02-06 00:00:00+00:00,108456.0
2016-06-17 00:00:00+00:00,49534.0
2018-12-06 00:00:00+00:00,88846.0
2016-04-12 00:00:00+00:00,52002.0
2014-08-13 00:00:00+00:00,55581.0
2021-05-21 00:00:00+00:00,122592.0
2015-07-17 00:00:00+00:00,52342.0
2019-03-29 00:00:00+00:00,95415.0
2016-12-14 00:00:00+00:00,58212.0
2024-10-24 00:00:00+00:00,130067.0
2020-01-07 00:00:00+00:00,116662.0
2023-12-04 00:00:00+00:00,126803.0
2014-02-04 00:00:00+00:00,46964.0
2014-08-22 00:00:00+00:00,58407.0
2021-03-02 00:00:00+00:00,111540.0
2017-06-23 00:00:00+00:00,61087.0
2020-12-16 00:00:00+00:00,117947.0
2015-05-06 00:00:00+00:00,57103.0
2017-08-21 00:00:00+00:00,68635.0
2018-09-20 00:00:00+00:00,78116.0
2024-05-31 00:00:00+00:00,122098.0
2022-04-20 00:00:00+00:00,114344.0
2015-10-16 00:00:00+00:00,47236.0
2024-09-02 00:00:00+00:00,134981.0
2021-08-06 00:00:00+00:00,122810.0
2018-02-23 00:00:00+00:00,87293.0
2017-09-19 00:00:00+00:00,75974.0
2016-08-05 00:00:00+00:00,57661.0
2023-08-11 00:00:00+00:00,118065.0
2023-03-14 00:00:00+00:00,102932.0
2015-04-06 00:00:00+00:00,53737.0
2015-06-03 00:00:00+00:00,53523.0
2016-03-23 00:00:00+00:00,49690.0
2020-06-02 00:00:00+00:00,91046.0
2020-04-30 00:00:00+00:00,80506.0
2022-11-22 00:00:00+00:00,109037.0
2022-10-27 00:00:00+00:00,114641.0
2021-10-01 00:00:00+00:00,112900.0
2015-03-27 00:00:00+00:00,50095.0
2015-03-02 00:00:00+00:00,51021.0
2016-10-20 00:00:00+00:00,63838.0
2015-03-31 00:00:00+00:00,51150.0
2016-07-20 00:00:00+00:00,56578.0
2022-11-29 00:00:00+00:00,110910.0
2017-08-22 00:00:00+00:00,70011.0
2022-05-30 00:00:00+00:00,111032.0
2020-11-23 00:00:00+00:00,107379.0
2022-01-07 00:00:00+00:00,102719.0
2023-12-28 00:00:00+00:00,134185.0
2021-10-05 00:00:00+00:00,110458.0
2019-09-06 00:00:00+00:00,102935.0
2021-07-15 00:00:00+00:00,127468.0
2015-03-19 00:00:00+00:00,50954.0
2021-04-16 00:00:00+00:00,121114.0
2017-08-29 00:00:00+00:00,71330.0
2018-07-12 00:00:00+00:00,75856.0
2020-03-11 00:00:00+00:00,85171.0
2019-06-14 00:00:00+00:00,98040.0
2018-01-19 00:00:00+00:00,81220.0
2014-01-21 00:00:00+00:00,48542.0
2017-07-11 00:00:00+00:00,63832.0
2023-06-30 00:00:00+00:00,118087.0
2017-04-06 00:00:00+00:00,64223.0
2020-08-28 00:00:00+00:00,102143.0
2016-02-02 00:00:00+00:00,38596.0
2022-10-03 00:00:00+00:00,116134.0
2015-08-26 00:00:00+00:00,46038.0
2018-07-04 00:00:00+00:00,74743.0
2015-04-08 00:00:00+00:00,53661.0
2022-07-21 00:00:00+00:00,99033.0
2022-02-24 00:00:00+00:00,111592.0
2024-09-17 00:00:00+00:00,134960.0
2023-06-12 00:00:00+00:00,117336.0
2019-06-07 00:00:00+00:00,97821.0
2020-04-16 00:00:00+00:00,77812.0
2015-07-20 00:00:00+00:00,51600.0
2019-03-07 00:00:00+00:00,94340.0
2021-09-13 00:00:00+00:00,116404.0
2023-07-27 00:00:00+00:00,119990.0
2022-07-22 00:00:00+00:00,98925.0
2018-10-04 00:00:00+00:00,82953.0
2017-06-21 00:00:00+00:00,60762.0
2021-07-23 00:00:00+00:00,125053.0
2017-05-24 00:00:00+00:00,63257.0
2015-01-23 00:00:00+00:00,48775.0
2018-06-25 00:00:00+00:00,70953.0
2023-06-06 00:00:00+00:00,114610.0
2016-03-30 00:00:00+00:00,51249.0
2015-09-03 00:00:00+00:00,47366.0
2014-11-21 00:00:00+00:00,56084.0
2015-06-15 00:00:00+00:00,53138.0
2019-07-19 00:00:00+00:00,103452.0
2023-06-14 00:00:00+00:00,119069.0
2014-01-14 00:00:00+00:00,49703.0
2022-12-21 00:00:00+00:00,107313.0
2018-11-08 00:00:00+00:00,85620.0
2017-11-13 00:00:00+00:00,72475.0
2015-04-13 00:00:00+00:00,54240.0
2017-11-23 00:00:00+00:00,74487.0
2020-10-08 00:00:00+00:00,97920.0
2015-03-25 00:00:00+00:00,51858.0
2015-09-22 00:00:00+00:00,46265.0
2018-05-29 00:00:00+00:00,76072.0
2014-06-05 00:00:00+00:00,51559.0
2023-08-29 00:00:00+00:00,118404.0
2021-01-26 00:00:00+00:00,116464.0
2022-08-29 00:00:00+00:00,112323.0
2014-07-01 00:00:00+00:00,53171.0
2016-10-06 00:00:00+00:00,60644.0
2021-05-14 00:00:00+00:00,121881.0
2024-06-04 00:00:00+00:00,121802.0
2021-01-28 00:00:00+00:00,119314.0
2020-04-02 00:00:00+00:00,72253.0
2018-07-11 00:00:00+00:00,74399.0
2014-06-23 00:00:00+00:00,54210.0
2023-12-22 00:00:00+00:00,132753.0
2018-12-04 00:00:00+00:00,88624.0
2021-05-24 00:00:00+00:00,124032.0
2024-03-08 00:00:00+00:00,127071.0
2024-09-13 00:00:00+00:00,134882.0
2020-10-16 00:00:00+00:00,98309.0
2021-07-28 00:00:00+00:00,126286.0
2016-09-19 00:00:00+00:00,57350.0
2018-09-21 00:00:00+00:00,79444.0
2016-05-25 00:00:00+00:00,49483.0
2017-08-01 00:00:00+00:00,66516.0
2020-08-12 00:00:00+00:00,102118.0
2023-06-16 00:00:00+00:00,118758.0
2023-10-03 00:00:00+00:00,113419.0
2020-08-13 00:00:00+00:00,100461.0
2019-06-28 00:00:00+00:00,100967.0
2017-03-27 00:00:00+00:00,64308.0
2023-01-04 00:00:00+00:00,105334.0
2021-06-04 00:00:00+00:00,130126.0
2022-04-14 00:00:00+00:00,116182.0
2023-09-01 00:00:00+00:00,117893.0
2024-08-20 00:00:00+00:00,136087.0
2015-02-06 00:00:00+00:00,48792.0
2014-04-15 00:00:00+00:00,50454.0
2019-11-18 00:00:00+00:00,106347.0
2015-08-05 00:00:00+00:00,50287.0
2016-05-13 00:00:00+00:00,51804.0
2022-07-20 00:00:00+00:00,98287.0
2020-07-14 00:00:00+00:00,100440.0
2016-01-12 00:00:00+00:00,39514.0
2020-08-21 00:00:00+00:00,101521.0
2021-11-29 00:00:00+00:00,102814.0
2024-10-21 00:00:00+00:00,130362.0
2023-12-19 00:00:00+00:00,131851.0
2021-08-05 00:00:00+00:00,121633.0
2019-09-17 00:00:00+00:00,104617.0
2014-10-28 00:00:00+00:00,52330.0
2016-12-16 00:00:00+00:00,58389.0
2016-02-22 00:00:00+00:00,43235.0
2018-07-19 00:00:00+00:00,77487.0
2021-07-16 00:00:00+00:00,125960.0
2015-07-13 00:00:00+00:00,53119.0
2019-09-03 00:00:00+00:00,99681.0
2023-09-27 00:00:00+00:00,114327.0
2018-10-03 00:00:00+00:00,83273.0
2015-07-24 00:00:00+00:00,49246.0
2014-10-17 00:00:00+00:00,55724.0
2018-03-20 00:00:00+00:00,84164.0
2016-05-24 00:00:00+00:00,49345.0
2016-02-11 00:00:00+00:00,39318.0
2021-01-07 00:00:00+00:00,121956.0
2015-09-24 00:00:00+00:00,45292.0
2014-10-30 00:00:00+00:00,52337.0
2015-12-28 00:00:00+00:00,43764.0
2024-07-30 00:00:00+00:00,126139.0
2017-03-15 00:00:00+00:00,66235.0
2022-03-04 00:00:00+00:00,114474.0
2019-10-09 00:00:00+00:00,101249.0
2018-06-06 00:00:00+00:00,76117.0
2014-05-06 00:00:00+00:00,53780.0
2022-08-03 00:00:00+00:00,103775.0
2021-12-02 00:00:00+00:00,104466.0
2014-01-30 00:00:00+00:00,47244.0
2018-07-23 00:00:00+00:00,77996.0
2022-02-11 00:00:00+00:00,113572.0
2020-05-25 00:00:00+00:00,85663.0
2023-10-11 00:00:00+00:00,117051.0
2017-11-28 00:00:00+00:00,74140.0
2017-07-25 00:00:00+00:00,65668.0
2020-12-11 00:00:00+00:00,115323.0
2022-04-07 00:00:00+00:00,118862.0
2017-07-28 00:00:00+00:00,65497.0
2019-11-01 00:00:00+00:00,108196.0
2023-01-02 00:00:00+00:00,106376.0
2021-08-02 00:00:00+00:00,122516.0
2018-11-05 00:00:00+00:00,89598.0
2024-10-25 00:00:00+00:00,129893.0
2015-11-06 00:00:00+00:00,46919.0
2021-09-28 00:00:00+00:00,110124.0
2014-04-28 00:00:00+00:00,51384.0
2024-08-01 00:00:00+00:00,127395.0
2018-03-28 00:00:00+00:00,83874.0
2017-08-25 00:00:00+00:00,71074.0
2019-02-26 00:00:00+00:00,97603.0
2021-11-09 00:00:00+00:00,105535.0
2023-10-17 00:00:00+00:00,115908.0
2015-07-16 00:00:00+00:00,53070.0
2023-08-01 00:00:00+00:00,121248.0
2020-06-22 00:00:00+00:00,95336.0
2016-11-22 00:00:00+00:00,61954.0
2024-05-15 00:00:00+00:00,128028.0
2016-10-07 00:00:00+00:00,61109.0
2023-04-26 00:00:00+00:00,102312.0
2015-03-26 00:00:00+00:00,50580.0
2014-11-03 00:00:00+00:00,53947.0
2021-11-25 00:00:00+00:00,105811.0
2024-10-15 00:00:00+00:00,131043.0
2019-10-31 00:00:00+00:00,107220.0
2017-07-27 00:00:00+00:00,65277.0
2019-05-20 00:00:00+00:00,91946.0
2023-03-23 00:00:00+00:00,97926.0
2019-06-26 00:00:00+00:00,100689.0
2019-06-18 00:00:00+00:00,99404.0
2014-10-08 00:00:00+00:00,57058.0
2019-09-24 00:00:00+00:00,103876.0
2015-12-14 00:00:00+00:00,44747.0
2017-09-07 00:00:00+00:00,73412.0
2015-02-12 00:00:00+00:00,49533.0
2017-12-19 00:00:00+00:00,72680.0
2018-10-17 00:00:00+00:00,85764.0
2022-04-19 00:00:00+00:00,115057.0
2016-04-27 00:00:00+00:00,54478.0
2017-12-26 00:00:00+00:00,75688.0
2016-05-17 00:00:00+00:00,50839.0
2023-11-14 00:00:00+00:00,123328.0
2024-11-06 00:00:00+00:00,130341.0
2023-08-16 00:00:00+00:00,115592.0
2016-09-21 00:00:00+00:00,58394.0
2019-11-05 00:00:00+00:00,108451.0
2017-06-15 00:00:00+00:00,61923.0
2015-10-21 00:00:00+00:00,47026.0
2018-11-27 00:00:00+00:00,87891.0
2024-04-26 00:00:00+00:00,126526.0
2022-02-25 00:00:00+00:00,113142.0
2023-09-18 00:00:00+00:00,118288.0
2019-10-02 00:00:00+00:00,101031.0
2022-09-28 00:00:00+00:00,108451.0
2015-03-11 00:00:00+00:00,48906.0
2016-05-20 00:00:00+00:00,49723.0
2019-07-30 00:00:00+00:00,102933.0
2020-05-28 00:00:00+00:00,86949.0
2018-09-14 00:00:00+00:00,75429.0
2022-02-14 00:00:00+00:00,113807.0
2015-09-18 00:00:00+00:00,47264.0
2016-03-03 00:00:00+00:00,47193.0
2018-03-26 00:00:00+00:00,85088.0
2020-02-19 00:00:00+00:00,116518.0
2023-02-03 00:00:00+00:00,108490.0
2022-09-08 00:00:00+00:00,109916.0
2014-07-17 00:00:00+00:00,55638.0
2020-01-17 00:00:00+00:00,118478.0
2021-09-10 00:00:00+00:00,114286.0
2023-03-28 00:00:00+00:00,101185.0
2023-08-28 00:00:00+00:00,117121.0
2024-02-28 00:00:00+00:00,130155.0
2016-04-05 00:00:00+00:00,49054.0
2023-03-09 00:00:00+00:00,105071.0
2022-11-16 00:00:00+00:00,110243.0
2023-09-22 00:00:00+00:00,116009.0
2016-04-26 00:00:00+00:00,53083.0
2015-06-05 00:00:00+00:00,52973.0
2014-05-16 00:00:00+00:00,53976.0
2023-03-15 00:00:00+00:00,102675.0
2018-09-11 00:00:00+00:00,74657.0
2018-11-26 00:00:00+00:00,85547.0
2018-10-30 00:00:00+00:00,86886.0
2018-10-08 00:00:00+00:00,86084.0
2016-10-25 00:00:00+00:00,63866.0
2023-02-07 00:00:00+00:00,107920.0
2015-05-29 00:00:00+00:00,52760.0
2019-02-21 00:00:00+00:00,96932.0
2022-07-04 00:00:00+00:00,98609.0
2021-07-13 00:00:00+00:00,128168.0
2018-07-25 00:00:00+00:00,80218.0
2023-04-25 00:00:00+00:00,103220.0
2019-04-05 00:00:00+00:00,97108.0
2024-05-02 00:00:00+00:00,127122.0
2024-04-11 00:00:00+00:00,127396.0
2023-01-16 00:00:00+00:00,109213.0
2015-10-29 00:00:00+00:00,45628.0
2017-09-05 00:00:00+00:00,72151.0
2023-10-26 00:00:00+00:00,114777.0
2014-02-24 00:00:00+00:00,47393.0
2017-11-29 00:00:00+00:00,72700.0
2024-01-30 00:00:00+00:00,127402.0
2017-12-12 00:00:00+00:00,73814.0
2020-06-24 00:00:00+00:00,94377.0
2014-02-26 00:00:00+00:00,46599.0
2024-07-29 00:00:00+00:00,126954.0
2014-09-08 00:00:00+00:00,59193.0
2016-12-22 00:00:00+00:00,57255.0
2019-02-08 00:00:00+00:00,95343.0
2020-06-29 00:00:00+00:00,95735.0
2016-07-26 00:00:00+00:00,56783.0
2021-04-06 00:00:00+00:00,117499.0
2016-05-09 00:00:00+00:00,50990.0
2021-04-12 00:00:00+00:00,118812.0
2019-05-30 00:00:00+00:00,97457.0
2017-08-07 00:00:00+00:00,67940.0
2020-02-03 00:00:00+00:00,114629.0
2017-02-23 00:00:00+00:00,67461.0
2014-08-25 00:00:00+00:00,59735.0
2019-02-04 00:00:00+00:00,98589.0
2022-04-05 00:00:00+00:00,118885.0
2022-06-03 00:00:00+00:00,111102.0
2014-04-01 00:00:00+00:00,50270.0
2017-06-07 00:00:00+00:00,63171.0
2021-04-30 00:00:00+00:00,118894.0
2024-07-04 00:00:00+00:00,126164.0
2018-03-09 00:00:00+00:00,86371.0
2023-01-24 00:00:00+00:00,113028.0
2024-08-28 00:00:00+00:00,137344.0
2019-05-03 00:00:00+00:00,96008.0
2018-04-18 00:00:00+00:00,85776.0
2014-03-20 00:00:00+00:00,47278.0
2023-01-11 00:00:00+00:00,111763.0
2016-01-19 00:00:00+00:00,38057.0
2017-01-13 00:00:00+00:00,63652.0
2020-07-13 00:00:00+00:00,98697.0
2020-09-24 00:00:00+00:00,97012.0
2020-08-10 00:00:00+00:00,103444.0
2019-01-03 00:00:00+00:00,91564.0
2024-11-12 00:00:00+00:00,127698.0
2022-12-28 00:00:00+00:00,110237.0
2017-02-10 00:00:00+00:00,66125.0
2024-03-15 00:00:00+00:00,126742.0
2021-02-22 00:00:00+00:00,112668.0
2023-10-02 00:00:00+00:00,115057.0
2018-05-10 00:00:00+00:00,85861.0
2020-03-12 00:00:00+00:00,72583.0
2019-08-19 00:00:00+00:00,99469.0
2020-09-02 00:00:00+00:00,101911.0
2020-03-04 00:00:00+00:00,107224.0
2022-10-18 00:00:00+00:00,115743.0
2021-08-13 00:00:00+00:00,121194.0
2018-08-30 00:00:00+00:00,76404.0
2017-11-14 00:00:00+00:00,70827.0
2019-06-21 00:00:00+00:00,102013.0
2015-08-11 00:00:00+00:00,49072.0
2016-05-16 00:00:00+00:00,51803.0
2017-10-24 00:00:00+00:00,76350.0
2016-11-04 00:00:00+00:00,61598.0
2015-09-28 00:00:00+00:00,43957.0
2015-03-09 00:00:00+00:00,49181.0
2014-08-05 00:00:00+00:00,56202.0
2024-09-11 00:00:00+00:00,134677.0
2021-03-24 00:00:00+00:00,112064.0
2018-09-03 00:00:00+00:00,76193.0
2014-01-06 00:00:00+00:00,50974.0
2016-05-04 00:00:00+00:00,52553.0
2022-05-06 00:00:00+00:00,105135.0
2015-05-18 00:00:00+00:00,56204.0
2019-03-25 00:00:00+00:00,93662.0
2017-09-21 00:00:00+00:00,75604.0
2015-01-27 00:00:00+00:00,48591.0
2015-07-10 00:00:00+00:00,52591.0
2020-06-10 00:00:00+00:00,94686.0
2015-02-04 00:00:00+00:00,49301.0
2016-10-24 00:00:00+00:00,64060.0
2021-09-02 00:00:00+00:00,116677.0
2014-12-23 00:00:00+00:00,50890.0
2024-07-01 00:00:00+00:00,124718.0
2015-12-03 00:00:00+00:00,46393.0
2020-05-13 00:00:00+00:00,77772.0
2019-08-28 00:00:00+00:00,98194.0
2020-01-31 00:00:00+00:00,113761.0
2020-08-06 00:00:00+00:00,104126.0
2024-08-30 00:00:00+00:00,136004.0
2021-10-26 00:00:00+00:00,106420.0
2015-01-06 00:00:00+00:00,48001.0
2015-09-01 00:00:00+00:00,45477.0
2022-01-14 00:00:00+00:00,106928.0
2018-10-15 00:00:00+00:00,83360.0
2021-10-22 00:00:00+00:00,106296.0
2015-04-02 00:00:00+00:00,53123.0
2017-08-08 00:00:00+00:00,67899.0
2018-07-17 00:00:00+00:00,78130.0
2024-07-23 00:00:00+00:00,126590.0
2014-01-23 00:00:00+00:00,48321.0
2020-06-09 00:00:00+00:00,96747.0
2016-11-30 00:00:00+00:00,61906.0
2023-07-26 00:00:00+00:00,122560.0
2017-12-08 00:00:00+00:00,72732.0
2023-03-13 00:00:00+00:00,103121.0
2022-10-17 00:00:00+00:00,113624.0
2015-06-22 00:00:00+00:00,53864.0
2020-08-03 00:00:00+00:00,102830.0
2014-09-25 00:00:00+00:00,55962.0
2017-12-14 00:00:00+00:00,72429.0
2020-07-27 00:00:00+00:00,104477.0
2018-10-16 00:00:00+00:00,85718.0
2019-10-21 00:00:00+00:00,106022.0
2019-07-04 00:00:00+00:00,103636.0
2018-07-02 00:00:00+00:00,72840.0
2014-10-02 00:00:00+00:00,53519.0
2016-07-05 00:00:00+00:00,51842.0
2023-11-17 00:00:00+00:00,125062.0
2018-09-18 00:00:00+00:00,78314.0
2020-11-16 00:00:00+00:00,106430.0
2024-02-02 00:00:00+00:00,127182.0
2016-06-28 00:00:00+00:00,50007.0
2021-02-10 00:00:00+00:00,118430.0
2017-12-27 00:00:00+00:00,76073.0
2017-10-04 00:00:00+00:00,76591.0
2015-07-02 00:00:00+00:00,53106.0
2020-05-07 00:00:00+00:00,78119.0
2021-07-06 00:00:00+00:00,125095.0
2016-05-30 00:00:00+00:00,48964.0
2016-12-07 00:00:00+00:00,61414.0
2017-05-05 00:00:00+00:00,65710.0
2016-10-10 00:00:00+00:00,61668.0
2021-11-10 00:00:00+00:00,105968.0
2014-07-23 00:00:00+00:00,57420.0
2016-07-18 00:00:00+00:00,56484.0
2015-05-11 00:00:00+00:00,57197.0
2021-01-05 00:00:00+00:00,119223.0
2022-05-18 00:00:00+00:00,106247.0
2018-06-14 00:00:00+00:00,71421.0
2021-09-22 00:00:00+00:00,112282.0
2023-10-19 00:00:00+00:00,114004.0
2016-11-14 00:00:00+00:00,59657.0
2018-03-05 00:00:00+00:00,86023.0
2022-11-23 00:00:00+00:00,108683.0
2020-02-04 00:00:00+00:00,115557.0
2022-09-01 00:00:00+00:00,110405.0
2024-01-12 00:00:00+00:00,130988.0
2023-02-28 00:00:00+00:00,104932.0
2018-06-19 00:00:00+00:00,71394.0
2015-11-17 00:00:00+00:00,47248.0
2018-11-29 00:00:00+00:00,89710.0
2020-06-12 00:00:00+00:00,92795.0
2024-10-04 00:00:00+00:00,131792.0
2022-07-05 00:00:00+00:00,98295.0
2018-06-07 00:00:00+00:00,73851.0
2023-03-21 00:00:00+00:00,100998.0
2015-05-15 00:00:00+00:00,57249.0
2020-11-11 00:00:00+00:00,104532.0
2023-01-23 00:00:00+00:00,111709.0
2023-02-17 00:00:00+00:00,109303.0
2020-01-16 00:00:00+00:00,116704.0
2019-07-16 00:00:00+00:00,103775.0
2023-10-06 00:00:00+00:00,114170.0
2017-04-19 00:00:00+00:00,63407.0
2018-04-13 00:00:00+00:00,84334.0
2015-02-09 00:00:00+00:00,49383.0
2024-03-26 00:00:00+00:00,126863.0
2017-06-29 00:00:00+00:00,62239.0
2014-05-30 00:00:00+00:00,51239.0
2021-04-26 00:00:00+00:00,120595.0
2014-06-09 00:00:00+00:00,54273.0
2020-12-28 00:00:00+00:00,119051.0
2024-10-30 00:00:00+00:00,130639.0
2021-01-11 00:00:00+00:00,122807.0
2023-10-25 00:00:00+00:00,112830.0
2024-02-20 00:00:00+00:00,129916.0
2020-06-25 00:00:00+00:00,95983.0
2022-02-10 00:00:00+00:00,113359.0
2022-06-27 00:00:00+00:00,100764.0
2024-02-22 00:00:00+00:00,130241.0
2023-01-26 00:00:00+00:00,114109.0
2016-11-17 00:00:00+00:00,59770.0
2014-04-16 00:00:00+00:00,51201.0
2023-04-19 00:00:00+00:00,103913.0
2024-06-25 00:00:00+00:00,122331.0
2015-12-10 00:00:00+00:00,45631.0
2021-11-18 00:00:00+00:00,102524.0
2020-11-05 00:00:00+00:00,100774.0
2024-09-27 00:00:00+00:00,132730.0
2018-09-12 00:00:00+00:00,75125.0
2022-11-25 00:00:00+00:00,108977.0
2020-12-18 00:00:00+00:00,117679.0
2021-11-11 00:00:00+00:00,107725.0
2020-10-15 00:00:00+00:00,99054.0
2015-08-20 00:00:00+00:00,46649.0
2017-01-20 00:00:00+00:00,64521.0
2022-03-30 00:00:00+00:00,120260.0
2021-09-08 00:00:00+00:00,113413.0
2020-03-10 00:00:00+00:00,92214.0
2014-05-26 00:00:00+00:00,52932.0
2019-05-15 00:00:00+00:00,91623.0
2022-08-31 00:00:00+00:00,109523.0
2017-01-02 00:00:00+00:00,59589.0
2017-04-04 00:00:00+00:00,65769.0
2024-01-29 00:00:00+00:00,128503.0
2020-03-30 00:00:00+00:00,74640.0
2023-12-06 00:00:00+00:00,125623.0
2022-03-14 00:00:00+00:00,109928.0
2020-08-17 00:00:00+00:00,99595.0
2014-08-08 00:00:00+00:00,55573.0
2020-04-15 00:00:00+00:00,78831.0
2020-10-19 00:00:00+00:00,98658.0
2020-04-07 00:00:00+00:00,76358.0
2020-10-20 00:00:00+00:00,100540.0
2016-10-18 00:00:00+00:00,63782.0
2017-04-24 00:00:00+00:00,64389.0
2019-07-31 00:00:00+00:00,101812.0
2022-04-12 00:00:00+00:00,116147.0
2021-05-04 00:00:00+00:00,117712.0
2022-02-09 00:00:00+00:00,112461.0
2016-10-31 00:00:00+00:00,64925.0
2023-08-24 00:00:00+00:00,117026.0
2017-09-15 00:00:00+00:00,75757.0
2017-08-24 00:00:00+00:00,71133.0
2015-10-30 00:00:00+00:00,45869.0
2021-01-14 00:00:00+00:00,123481.0
2022-05-12 00:00:00+00:00,105688.0
2022-11-10 00:00:00+00:00,109775.0
2014-09-04 00:00:00+00:00,60800.0
2016-12-13 00:00:00+00:00,59281.0
2021-06-25 00:00:00+00:00,127256.0
2019-04-10 00:00:00+00:00,95953.0
2014-02-07 00:00:00+00:00,48074.0
2020-05-18 00:00:00+00:00,81194.0
2021-03-19 00:00:00+00:00,116222.0
2020-08-24 00:00:00+00:00,102298.0
2018-01-02 00:00:00+00:00,77891.0
2018-09-19 00:00:00+00:00,78169.0
2018-03-06 00:00:00+00:00,85653.0
2021-09-09 00:00:00+00:00,115361.0
2024-04-05 00:00:00+00:00,126795.0
2022-08-02 00:00:00+00:00,103362.0
2019-07-22 00:00:00+00:00,103949.0
2014-02-28 00:00:00+00:00,47094.0
2019-11-21 00:00:00+00:00,107497.0
2021-09-16 00:00:00+00:00,113794.0
2022-01-25 00:00:00+00:00,109845.0
2020-07-07 00:00:00+00:00,97761.0
2019-12-12 00:00:00+00:00,112200.0
2016-06-21 00:00:00+00:00,50838.0
2018-07-18 00:00:00+00:00,77363.0
2014-02-11 00:00:00+00:00,48463.0
2015-10-13 00:00:00+00:00,47363.0
2020-06-01 00:00:00+00:00,88620.0
2021-06-28 00:00:00+00:00,127429.0
2015-12-30 00:00:00+00:00,43350.0
2019-01-23 00:00:00+00:00,96558.0
2019-03-28 00:00:00+00:00,94389.0
2022-07-28 00:00:00+00:00,102597.0
2019-07-25 00:00:00+00:00,102655.0
2019-04-02 00:00:00+00:00,95387.0
2014-12-11 00:00:00+00:00,49861.0
2016-03-29 00:00:00+00:00,51155.0
2016-02-12 00:00:00+00:00,39808.0
2021-11-16 00:00:00+00:00,104508.0
2018-12-12 00:00:00+00:00,86977.0
2018-07-26 00:00:00+00:00,79405.0
2016-11-29 00:00:00+00:00,60987.0
2016-12-20 00:00:00+00:00,57583.0
2023-08-21 00:00:00+00:00,114429.0
2014-03-27 00:00:00+00:00,49647.0
2016-07-21 00:00:00+00:00,56641.0
2018-09-26 00:00:00+00:00,78656.0
2021-10-13 00:00:00+00:00,113456.0
2016-05-27 00:00:00+00:00,49051.0
2019-04-01 00:00:00+00:00,96054.0
2019-08-01 00:00:00+00:00,102126.0
2023-07-05 00:00:00+00:00,119549.0
2017-10-11 00:00:00+00:00,76660.0
2024-02-26 00:00:00+00:00,129609.0
2019-01-10 00:00:00+00:00,93806.0
2017-08-23 00:00:00+00:00,70478.0
2019-02-22 00:00:00+00:00,97886.0
2022-09-19 00:00:00+00:00,111824.0
2024-06-17 00:00:00+00:00,119138.0
2023-12-21 00:00:00+00:00,132182.0
2020-09-25 00:00:00+00:00,96999.0
2018-08-01 00:00:00+00:00,79302.0
2022-08-19 00:00:00+00:00,111496.0
2016-11-08 00:00:00+00:00,64158.0
2021-11-19 00:00:00+00:00,103035.0
2018-02-06 00:00:00+00:00,83894.0
2017-01-04 00:00:00+00:00,61589.0
2022-07-18 00:00:00+00:00,96916.0
2023-04-18 00:00:00+00:00,106163.0
2016-02-01 00:00:00+00:00,40570.0
2014-05-02 00:00:00+00:00,52980.0
2023-08-31 00:00:00+00:00,115742.0
2019-04-08 00:00:00+00:00,97369.0
2017-09-06 00:00:00+00:00,73412.0
2019-08-26 00:00:00+00:00,96430.0
2024-01-17 00:00:00+00:00,128524.0
2018-06-13 00:00:00+00:00,72122.0
2014-08-12 00:00:00+00:00,56442.0
2017-02-15 00:00:00+00:00,67976.0
2015-05-04 00:00:00+00:00,57354.0
2014-01-10 00:00:00+00:00,49696.0
2017-10-17 00:00:00+00:00,76201.0
2021-07-21 00:00:00+00:00,125929.0
2016-12-19 00:00:00+00:00,57111.0
2017-08-30 00:00:00+00:00,70886.0
2015-11-23 00:00:00+00:00,48150.0
2014-09-24 00:00:00+00:00,56824.0
2014-09-01 00:00:00+00:00,61141.0
2015-10-27 00:00:00+00:00,47043.0
2015-12-23 00:00:00+00:00,44015.0
2024-04-29 00:00:00+00:00,127352.0
2018-08-02 00:00:00+00:00,79637.0
2019-04-11 00:00:00+00:00,94755.0
2022-01-12 00:00:00+00:00,105686.0
2018-06-18 00:00:00+00:00,69815.0
2024-05-21 00:00:00+00:00,127412.0
2019-10-16 00:00:00+00:00,105423.0
2020-03-23 00:00:00+00:00,63570.0
2021-01-18 00:00:00+00:00,121242.0
2022-02-08 00:00:00+00:00,112234.0
2021-01-06 00:00:00+00:00,119851.0
2023-03-22 00:00:00+00:00,100221.0
2022-07-01 00:00:00+00:00,98954.0
2022-03-15 00:00:00+00:00,108959.0
2022-05-10 00:00:00+00:00,103110.0
2015-04-29 00:00:00+00:00,55325.0
2015-10-14 00:00:00+00:00,46710.0
2021-07-19 00:00:00+00:00,124395.0
2020-07-15 00:00:00+00:00,101791.0
2017-05-15 00:00:00+00:00,68474.0
2022-08-10 00:00:00+00:00,110236.0
2021-03-10 00:00:00+00:00,112776.0
2019-09-09 00:00:00+00:00,103181.0
2018-10-25 00:00:00+00:00,84084.0
2020-01-14 00:00:00+00:00,117632.0
2020-03-19 00:00:00+00:00,68332.0
2014-05-09 00:00:00+00:00,53100.0
2019-08-23 00:00:00+00:00,97667.0
2024-08-16 00:00:00+00:00,133953.0
2019-12-13 00:00:00+00:00,112565.0
2017-02-20 00:00:00+00:00,68533.0
2021-02-03 00:00:00+00:00,119725.0
2014-03-21 00:00:00+00:00,47381.0
2022-07-25 00:00:00+00:00,100270.0
2019-03-08 00:00:00+00:00,95365.0
2021-12-21 00:00:00+00:00,105500.0
2022-01-28 00:00:00+00:00,111478.0
2019-01-04 00:00:00+00:00,91841.0
2014-06-18 00:00:00+00:00,55203.0
2024-03-21 00:00:00+00:00,128159.0
2017-12-18 00:00:00+00:00,73115.0
2016-01-13 00:00:00+00:00,38944.0
2021-06-15 00:00:00+00:00,130091.0
2018-01-18 00:00:00+00:00,80963.0
2018-10-22 00:00:00+00:00,85597.0
2019-08-12 00:00:00+00:00,101915.0
2016-05-23 00:00:00+00:00,49330.0
2017-02-07 00:00:00+00:00,64199.0
2014-01-27 00:00:00+00:00,47701.0
2018-03-08 00:00:00+00:00,84985.0
2019-10-24 00:00:00+00:00,106986.0
2022-12-09 00:00:00+00:00,107689.0
2015-02-26 00:00:00+00:00,51761.0
2023-08-02 00:00:00+00:00,120859.0
2015-09-23 00:00:00+00:00,45340.0
2019-05-08 00:00:00+00:00,95597.0
2024-07-17 00:00:00+00:00,129450.0
2016-09-14 00:00:00+00:00,57059.0
2014-02-14 00:00:00+00:00,48201.0
2019-05-27 00:00:00+00:00,94864.0
2016-12-01 00:00:00+00:00,59507.0
2017-10-27 00:00:00+00:00,75976.0
2023-08-18 00:00:00+00:00,115409.0
2014-11-10 00:00:00+00:00,52725.0
2017-12-20 00:00:00+00:00,73367.0
2018-08-31 00:00:00+00:00,76678.0
2015-04-28 00:00:00+00:00,55812.0
2016-04-11 00:00:00+00:00,50165.0
2019-07-26 00:00:00+00:00,102819.0
2018-05-11 00:00:00+00:00,85220.0
2022-06-14 00:00:00+00:00,102063.0
2015-05-20 00:00:00+00:00,54901.0
2014-08-07 00:00:00+00:00,56188.0
2022-09-14 00:00:00+00:00,110547.0
2022-09-30 00:00:00+00:00,110037.0
2018-06-12 00:00:00+00:00,72754.0
2017-06-06 00:00:00+00:00,62955.0
2017-11-17 00:00:00+00:00,73437.0
2018-04-20 00:00:00+00:00,85550.0
2022-12-12 00:00:00+00:00,105264.0
2014-08-19 00:00:00+00:00,58449.0
2024-01-24 00:00:00+00:00,127816.0
2021-08-10 00:00:00+00:00,122202.0
2018-01-09 00:00:00+00:00,78864.0
2022-06-28 00:00:00+00:00,100591.0
2023-02-22 00:00:00+00:00,107152.0
2014-09-17 00:00:00+00:00,59108.0
2023-08-22 00:00:00+00:00,116156.0
2020-02-18 00:00:00+00:00,114977.0
2024-04-08 00:00:00+00:00,128857.0
2018-10-29 00:00:00+00:00,83797.0
2021-09-24 00:00:00+00:00,113283.0
2024-03-27 00:00:00+00:00,127691.0
2024-11-08 00:00:00+00:00,127830.0
2021-01-04 00:00:00+00:00,118558.0
2023-03-24 00:00:00+00:00,98829.0
2017-07-13 00:00:00+00:00,65178.0
2024-10-23 00:00:00+00:00,129233.0
2017-10-10 00:00:00+00:00,76897.0
2024-09-19 00:00:00+00:00,133123.0
2020-03-31 00:00:00+00:00,73020.0
2015-05-27 00:00:00+00:00,54236.0
2023-02-08 00:00:00+00:00,109882.0
2024-10-10 00:00:00+00:00,130353.0
2020-09-18 00:00:00+00:00,98290.0
2015-07-23 00:00:00+00:00,49807.0
2021-06-29 00:00:00+00:00,127327.0
2021-09-30 00:00:00+00:00,110979.0
2014-12-22 00:00:00+00:00,50121.0
2021-06-30 00:00:00+00:00,126802.0
2017-10-06 00:00:00+00:00,76055.0
2023-05-18 00:00:00+00:00,110108.0
2015-04-07 00:00:00+00:00,53729.0
2019-11-11 00:00:00+00:00,108215.0
2024-08-15 00:00:00+00:00,134153.0
2021-03-22 00:00:00+00:00,114979.0
2019-05-14 00:00:00+00:00,92092.0
2017-11-21 00:00:00+00:00,74595.0
2019-11-04 00:00:00+00:00,108601.0
2016-08-31 00:00:00+00:00,57901.0
2017-10-05 00:00:00+00:00,76618.0
2015-07-01 00:00:00+00:00,52758.0
2016-04-19 00:00:00+00:00,53710.0
2018-02-08 00:00:00+00:00,81533.0
2017-05-03 00:00:00+00:00,66094.0
2017-12-11 00:00:00+00:00,72800.0
2022-10-21 00:00:00+00:00,119929.0
2020-12-14 00:00:00+00:00,114975.0
2023-09-28 00:00:00+00:00,115731.0
2022-01-26 00:00:00+00:00,111573.0
2024-10-03 00:00:00+00:00,131672.0
2017-04-13 00:00:00+00:00,62826.0
2019-10-01 00:00:00+00:00,104053.0
2017-02-21 00:00:00+00:00,69052.0
2019-04-25 00:00:00+00:00,96552.0
2023-12-26 00:00:00+00:00,133533.0
2024-06-10 00:00:00+00:00,120760.0
2018-03-22 00:00:00+00:00,84768.0
2024-06-27 00:00:00+00:00,124308.0
2018-01-24 00:00:00+00:00,83680.0
2019-08-21 00:00:00+00:00,101202.0
2022-02-01 00:00:00+00:00,113147.0
2023-01-19 00:00:00+00:00,113006.0
2023-06-02 00:00:00+00:00,112558.0
2014-07-08 00:00:00+00:00,53635.0
2017-07-31 00:00:00+00:00,65920.0
2022-12-01 00:00:00+00:00,110926.0
2019-06-04 00:00:00+00:00,97380.0
2018-01-16 00:00:00+00:00,79832.0
2015-06-10 00:00:00+00:00,53876.0
2018-01-10 00:00:00+00:00,78201.0
2019-12-17 00:00:00+00:00,112616.0
2016-10-03 00:00:00+00:00,59461.0
2017-05-08 00:00:00+00:00,65526.0
2020-09-22 00:00:00+00:00,97294.0
2024-01-16 00:00:00+00:00,129294.0
2022-01-11 00:00:00+00:00,103779.0
2017-12-13 00:00:00+00:00,72914.0
2018-12-13 00:00:00+00:00,87838.0
2023-04-06 00:00:00+00:00,100822.0
2021-01-13 00:00:00+00:00,122040.0
2014-07-29 00:00:00+00:00,57119.0
2014-11-13 00:00:00+00:00,51846.0
2022-12-13 00:00:00+00:00,103892.0
2021-11-01 00:00:00+00:00,105551.0
2023-09-05 00:00:00+00:00,117331.0
2022-01-18 00:00:00+00:00,106522.0
2020-11-13 00:00:00+00:00,104512.0
2014-02-03 00:00:00+00:00,46148.0
2016-11-16 00:00:00+00:00,60759.0
2018-08-22 00:00:00+00:00,76902.0
2020-12-10 00:00:00+00:00,114992.0
2017-07-07 00:00:00+00:00,62322.0
2020-11-30 00:00:00+00:00,108888.0
2014-01-16 00:00:00+00:00,49696.0
2022-10-06 00:00:00+00:00,117561.0
2022-06-01 00:00:00+00:00,111360.0
2024-04-12 00:00:00+00:00,125946.0
2022-01-05 00:00:00+00:00,101006.0
2019-04-17 00:00:00+00:00,93285.0
2017-01-17 00:00:00+00:00,64354.0
2016-07-14 00:00:00+00:00,55481.0
2022-03-09 00:00:00+00:00,113900.0
2020-12-03 00:00:00+00:00,112919.0
2014-07-14 00:00:00+00:00,55744.0
2017-05-30 00:00:00+00:00,63962.0
2015-04-23 00:00:00+00:00,55685.0
2024-01-19 00:00:00+00:00,127636.0
2020-11-06 00:00:00+00:00,100799.0
2019-03-01 00:00:00+00:00,94604.0
2020-09-21 00:00:00+00:00,96991.0
2024-07-22 00:00:00+00:00,127860.0
2014-01-22 00:00:00+00:00,49300.0
2017-10-23 00:00:00+00:00,75413.0
2014-11-11 00:00:00+00:00,52474.0
2021-09-14 00:00:00+00:00,116181.0
2022-09-09 00:00:00+00:00,112300.0
2018-09-27 00:00:00+00:00,80000.0
2021-10-25 00:00:00+00:00,108715.0
2022-07-15 00:00:00+00:00,96551.0
2017-06-28 00:00:00+00:00,62018.0
2020-09-01 00:00:00+00:00,102168.0
2016-02-04 00:00:00+00:00,40822.0
2020-03-20 00:00:00+00:00,67069.0
2016-06-03 00:00:00+00:00,50619.0
2014-10-14 00:00:00+00:00,58015.0
2019-02-20 00:00:00+00:00,96545.0
2015-03-03 00:00:00+00:00,51304.0
2017-10-26 00:00:00+00:00,75896.0
2024-04-04 00:00:00+00:00,127428.0
2023-04-17 00:00:00+00:00,106016.0
2024-05-22 00:00:00+00:00,125650.0
2018-06-29 00:00:00+00:00,72763.0
2021-06-16 00:00:00+00:00,129259.0
2016-03-24 00:00:00+00:00,49657.0
2014-08-20 00:00:00+00:00,58878.0
2015-09-10 00:00:00+00:00,46504.0
2017-09-18 00:00:00+00:00,75990.0
2021-10-07 00:00:00+00:00,110585.0
2015-12-04 00:00:00+00:00,45361.0
2021-12-08 00:00:00+00:00,108096.0
2020-10-21 00:00:00+00:00,100552.0
2021-11-05 00:00:00+00:00,104824.0
2021-10-20 00:00:00+00:00,110786.0
2020-02-17 00:00:00+00:00,115309.0
2019-11-29 00:00:00+00:00,108233.0
2016-03-31 00:00:00+00:00,50055.0
2018-10-26 00:00:00+00:00,85720.0
2015-07-30 00:00:00+00:00,49897.0
2016-05-06 00:00:00+00:00,51718.0
2020-09-17 00:00:00+00:00,100098.0
2024-02-05 00:00:00+00:00,127593.0
2023-03-06 00:00:00+00:00,104700.0
2023-11-21 00:00:00+00:00,125607.0
2020-08-05 00:00:00+00:00,102802.0
2017-04-26 00:00:00+00:00,64862.0
2024-06-06 00:00:00+00:00,122899.0
2018-01-15 00:00:00+00:00,79752.0
2019-01-09 00:00:00+00:00,93613.0
2024-05-20 00:00:00+00:00,127751.0
2016-09-06 00:00:00+00:00,60129.0
2023-08-30 00:00:00+00:00,117535.0
2014-07-31 00:00:00+00:00,55829.0
2023-07-03 00:00:00+00:00,119673.0
2018-03-14 00:00:00+00:00,86051.0
2015-09-14 00:00:00+00:00,47282.0
2020-09-03 00:00:00+00:00,100721.0
2020-11-24 00:00:00+00:00,109786.0
2017-03-24 00:00:00+00:00,63854.0
2022-08-24 00:00:00+00:00,112898.0
2016-06-29 00:00:00+00:00,51002.0
2019-04-23 00:00:00+00:00,95923.0
2015-03-12 00:00:00+00:00,48880.0
2015-08-14 00:00:00+00:00,47508.0
2014-05-13 00:00:00+00:00,53907.0
2022-12-06 00:00:00+00:00,109533.0
2024-09-18 00:00:00+00:00,133748.0
2014-07-16 00:00:00+00:00,55717.0
2021-06-17 00:00:00+00:00,128057.0
2021-05-31 00:00:00+00:00,126216.0
2024-01-11 00:00:00+00:00,130649.0
2019-08-22 00:00:00+00:00,100011.0
2022-12-19 00:00:00+00:00,104530.0
2023-06-19 00:00:00+00:00,119858.0
2018-10-05 00:00:00+00:00,82322.0
2016-12-05 00:00:00+00:00,59832.0
2019-04-16 00:00:00+00:00,94333.0
2022-07-12 00:00:00+00:00,98271.0
2015-02-02 00:00:00+00:00,47651.0
2022-05-02 00:00:00+00:00,106639.0
2023-01-12 00:00:00+00:00,111877.0
2019-07-11 00:00:00+00:00,105146.0
2023-06-20 00:00:00+00:00,119622.0
2017-09-11 00:00:00+00:00,74319.0
2021-08-23 00:00:00+00:00,117472.0
2019-04-24 00:00:00+00:00,95045.0
2023-05-08 00:00:00+00:00,106042.0
2024-06-12 00:00:00+00:00,119936.0
2016-05-19 00:00:00+00:00,50133.0
2021-07-20 00:00:00+00:00,125401.0
2024-11-01 00:00:00+00:00,128121.0
2015-07-08 00:00:00+00:00,51782.0
2015-05-08 00:00:00+00:00,57149.0
2022-05-09 00:00:00+00:00,103250.0
2024-04-02 00:00:00+00:00,127549.0
2020-06-17 00:00:00+00:00,95547.0
2018-06-27 00:00:00+00:00,70609.0
2021-06-22 00:00:00+00:00,128767.0
2019-10-17 00:00:00+00:00,105016.0
2021-05-11 00:00:00+00:00,122964.0
2017-08-31 00:00:00+00:00,70835.0
2017-02-17 00:00:00+00:00,67748.0
2023-08-04 00:00:00+00:00,119508.0
2015-04-30 00:00:00+00:00,56229.0
2023-03-01 00:00:00+00:00,104385.0
2019-05-28 00:00:00+00:00,96393.0
2015-04-17 00:00:00+00:00,53955.0
2020-07-08 00:00:00+00:00,99770.0
2020-09-11 00:00:00+00:00,98363.0
2022-11-18 00:00:00+00:00,108880.0
2014-01-20 00:00:00+00:00,48708.0
2017-08-14 00:00:00+00:00,68285.0
2014-09-10 00:00:00+00:00,58199.0
2020-09-23 00:00:00+00:00,95735.0
2015-01-20 00:00:00+00:00,47877.0
2022-07-13 00:00:00+00:00,97881.0
2016-10-13 00:00:00+00:00,61119.0
2017-08-18 00:00:00+00:00,68715.0
2023-11-29 00:00:00+00:00,126101.0
2015-01-16 00:00:00+00:00,49017.0
2017-05-31 00:00:00+00:00,62711.0
2024-01-18 00:00:00+00:00,127316.0
2014-07-25 00:00:00+00:00,57821.0
2020-05-04 00:00:00+00:00,78876.0
2015-04-16 00:00:00+00:00,54674.0
2016-08-22 00:00:00+00:00,57781.0
2024-10-31 00:00:00+00:00,129713.0
2014-01-02 00:00:00+00:00,50341.0
2016-04-07 00:00:00+00:00,48513.0
2014-07-28 00:00:00+00:00,57696.0
2014-06-17 00:00:00+00:00,54300.0
2016-02-29 00:00:00+00:00,42794.0
2014-11-25 00:00:00+00:00,55561.0
2016-12-02 00:00:00+00:00,60316.0
2022-10-24 00:00:00+00:00,116013.0
2024-02-16 00:00:00+00:00,128726.0
2023-05-04 00:00:00+00:00,102174.0
2019-10-04 00:00:00+00:00,102551.0
2015-04-27 00:00:00+00:00,55535.0
2022-06-10 00:00:00+00:00,105481.0
2019-04-30 00:00:00+00:00,96353.0
2022-10-14 00:00:00+00:00,112072.0
2019-11-08 00:00:00+00:00,107629.0
2021-12-15 00:00:00+00:00,107370.0
2023-10-24 00:00:00+00:00,113762.0
2016-11-21 00:00:00+00:00,61070.0
2017-06-02 00:00:00+00:00,62511.0
2014-10-10 00:00:00+00:00,55312.0
2019-11-19 00:00:00+00:00,105618.0
2016-04-29 00:00:00+00:00,53911.0
2017-10-20 00:00:00+00:00,76391.0
2016-01-15 00:00:00+00:00,38569.0
2020-07-22 00:00:00+00:00,104290.0
2022-05-24 00:00:00+00:00,110581.0
2014-06-25 00:00:00+00:00,53426.0
2016-08-10 00:00:00+00:00,56920.0
2014-01-07 00:00:00+00:00,50430.0
2014-04-22 00:00:00+00:00,51977.0
2021-01-27 00:00:00+00:00,115882.0
2015-11-19 00:00:00+00:00,48139.0
2019-05-31 00:00:00+00:00,97030.0
2014-01-09 00:00:00+00:00,49322.0
2019-01-07 00:00:00+00:00,91699.0
2017-09-13 00:00:00+00:00,74788.0
2016-03-22 00:00:00+00:00,51010.0
2014-12-01 00:00:00+00:00,52276.0
2018-04-09 00:00:00+00:00,83307.0
2016-03-15 00:00:00+00:00,47130.0
2014-12-19 00:00:00+00:00,49651.0
2017-08-15 00:00:00+00:00,68355.0
2022-04-08 00:00:00+00:00,118322.0
2018-08-27 00:00:00+00:00,77930.0
2017-04-28 00:00:00+00:00,65403.0
2023-01-17 00:00:00+00:00,111439.0
2023-02-16 00:00:00+00:00,109905.0
2024-04-25 00:00:00+00:00,124646.0
2023-05-17 00:00:00+00:00,109460.0
2023-10-09 00:00:00+00:00,115156.0
2017-05-29 00:00:00+00:00,63761.0
2019-07-12 00:00:00+00:00,103906.0
2023-03-16 00:00:00+00:00,103435.0
2024-09-24 00:00:00+00:00,132156.0
2020-02-20 00:00:00+00:00,114586.0
2020-06-18 00:00:00+00:00,96125.0
2024-02-21 00:00:00+00:00,130032.0
2015-02-11 00:00:00+00:00,48240.0
2016-09-01 00:00:00+00:00,58236.0
2022-08-26 00:00:00+00:00,112299.0
2023-03-29 00:00:00+00:00,101793.0
2024-04-15 00:00:00+00:00,125334.0
2021-02-09 00:00:00+00:00,119429.0
2022-07-11 00:00:00+00:00,98212.0
2015-04-09 00:00:00+00:00,53803.0
2019-11-22 00:00:00+00:00,108692.0
2021-02-04 00:00:00+00:00,119261.0
2019-05-29 00:00:00+00:00,96567.0
2019-04-03 00:00:00+00:00,94491.0
2016-10-17 00:00:00+00:00,62696.0
2020-03-16 00:00:00+00:00,71168.0
2016-06-24 00:00:00+00:00,50105.0
2015-09-17 00:00:00+00:00,48551.0
2020-05-08 00:00:00+00:00,80263.0
2016-05-31 00:00:00+00:00,48472.0
2024-10-11 00:00:00+00:00,129992.0
2019-08-08 00:00:00+00:00,104115.0
2023-10-04 00:00:00+00:00,113607.0
2016-07-08 00:00:00+00:00,53141.0
2014-02-18 00:00:00+00:00,46600.0
2020-01-06 00:00:00+00:00,116878.0
2021-09-15 00:00:00+00:00,115063.0
2014-11-28 00:00:00+00:00,54664.0
2022-07-26 00:00:00+00:00,99772.0
2018-09-10 00:00:00+00:00,76436.0
2014-06-10 00:00:00+00:00,54604.0
2022-01-20 00:00:00+00:00,109102.0
2014-04-08 00:00:00+00:00,51629.0
2019-09-12 00:00:00+00:00,104371.0
2023-11-01 00:00:00+00:00,115053.0
2014-02-05 00:00:00+00:00,46624.0
2018-12-17 00:00:00+00:00,86400.0
2023-01-13 00:00:00+00:00,110916.0
2014-08-04 00:00:00+00:00,56616.0
2016-03-07 00:00:00+00:00,49246.0
2017-04-11 00:00:00+00:00,64360.0
2022-03-24 00:00:00+00:00,119053.0
2020-01-10 00:00:00+00:00,115503.0
2014-05-08 00:00:00+00:00,53422.0
2019-01-17 00:00:00+00:00,95351.0
2023-01-10 00:00:00+00:00,110912.0
2022-12-08 00:00:00+00:00,107245.0
2022-06-07 00:00:00+00:00,110070.0
2021-11-24 00:00:00+00:00,104514.0
2015-12-15 00:00:00+00:00,44872.0
2020-08-26 00:00:00+00:00,100627.0
2023-09-19 00:00:00+00:00,117846.0
2024-05-29 00:00:00+00:00,122707.0
2022-03-17 00:00:00+00:00,113076.0
2016-12-23 00:00:00+00:00,57937.0
2017-04-03 00:00:00+00:00,65211.0
2023-07-24 00:00:00+00:00,121342.0
2024-09-20 00:00:00+00:00,131065.0
2022-09-22 00:00:00+00:00,114070.0
2021-02-25 00:00:00+00:00,112256.0
2015-06-19 00:00:00+00:00,53749.0
2017-01-10 00:00:00+00:00,62132.0
2017-09-12 00:00:00+00:00,74539.0
2020-08-14 00:00:00+00:00,101353.0
2018-02-14 00:00:00+00:00,83543.0
2018-02-20 00:00:00+00:00,85804.0
2017-07-24 00:00:00+00:00,65100.0
2019-05-17 00:00:00+00:00,89993.0
2024-07-25 00:00:00+00:00,125954.0
2021-11-26 00:00:00+00:00,102224.0
2016-09-08 00:00:00+00:00,60232.0
2015-06-23 00:00:00+00:00,53772.0
2024-03-18 00:00:00+00:00,126954.0
2018-12-21 00:00:00+00:00,85697.0
2014-04-25 00:00:00+00:00,51399.0
2014-02-10 00:00:00+00:00,47711.0
2015-11-30 00:00:00+00:00,45120.0
2016-02-19 00:00:00+00:00,41543.0
2016-12-06 00:00:00+00:00,61088.0
2014-03-24 00:00:00+00:00,47993.0
2016-08-01 00:00:00+00:00,56756.0
2015-03-23 00:00:00+00:00,51908.0
2016-11-25 00:00:00+00:00,61559.0
2023-06-27 00:00:00+00:00,117523.0
2019-02-19 00:00:00+00:00,97659.0
2023-07-28 00:00:00+00:00,120187.0
2016-07-12 00:00:00+00:00,54256.0
2014-01-13 00:00:00+00:00,49427.0
2019-02-25 00:00:00+00:00,97240.0
2017-03-30 00:00:00+00:00,65266.0
2018-03-19 00:00:00+00:00,83913.0
2015-05-13 00:00:00+00:00,56372.0
2020-06-04 00:00:00+00:00,93829.0
2014-03-12 00:00:00+00:00,45862.0
2023-05-26 00:00:00+00:00,110906.0
2014-06-06 00:00:00+00:00,53129.0
2015-06-01 00:00:00+00:00,53031.0
2018-05-02 00:00:00+00:00,84547.0
2014-12-15 00:00:00+00:00,47019.0
2014-11-07 00:00:00+00:00,53223.0
2018-08-03 00:00:00+00:00,81435.0
2023-06-09 00:00:00+00:00,117019.0
2022-04-18 00:00:00+00:00,115687.0
2017-03-16 00:00:00+00:00,65783.0
2018-05-25 00:00:00+00:00,78898.0
2022-07-29 00:00:00+00:00,103165.0
2021-05-26 00:00:00+00:00,123989.0
2021-01-22 00:00:00+00:00,117172.0
2018-06-04 00:00:00+00:00,78596.0
2021-12-06 00:00:00+00:00,106859.0
2024-10-07 00:00:00+00:00,132018.0
2023-09-13 00:00:00+00:00,118176.0
2015-05-26 00:00:00+00:00,53630.0
2016-02-17 00:00:00+00:00,41631.0
2014-12-05 00:00:00+00:00,51992.0
2016-08-09 00:00:00+00:00,57689.0
2020-03-09 00:00:00+00:00,86067.0
2023-06-23 00:00:00+00:00,118977.0
2019-09-27 00:00:00+00:00,105078.0
2016-03-02 00:00:00+00:00,44893.0
2024-03-11 00:00:00+00:00,126124.0
2023-06-26 00:00:00+00:00,118243.0
2016-06-13 00:00:00+00:00,49661.0
2019-12-27 00:00:00+00:00,116534.0
2022-07-08 00:00:00+00:00,100289.0
2021-04-22 00:00:00+00:00,119371.0
2019-09-25 00:00:00+00:00,104481.0
2018-04-24 00:00:00+00:00,85469.0
2022-12-02 00:00:00+00:00,111924.0
2014-03-31 00:00:00+00:00,50415.0
2024-01-04 00:00:00+00:00,131226.0
2016-09-16 00:00:00+00:00,57080.0
2014-05-19 00:00:00+00:00,53353.0
2016-09-09 00:00:00+00:00,58000.0
2022-02-21 00:00:00+00:00,111725.0
2021-08-09 00:00:00+00:00,123019.0
2023-10-20 00:00:00+00:00,113155.0
2015-02-19 00:00:00+00:00,51294.0
2020-12-01 00:00:00+00:00,111335.0
2022-03-02 00:00:00+00:00,115174.0
2015-06-16 00:00:00+00:00,53702.0
2017-08-16 00:00:00+00:00,68594.0
2020-03-18 00:00:00+00:00,66895.0
2021-10-18 00:00:00+00:00,114428.0
2019-08-15 00:00:00+00:00,99057.0
2024-04-19 00:00:00+00:00,125124.0
2014-05-21 00:00:00+00:00,52203.0
2017-06-05 00:00:00+00:00,62450.0
2018-11-01 00:00:00+00:00,88419.0
2023-08-09 00:00:00+00:00,118409.0
2017-01-26 00:00:00+00:00,66191.0
2014-06-13 00:00:00+00:00,54807.0
2023-07-18 00:00:00+00:00,117841.0
2022-01-13 00:00:00+00:00,105530.0
2021-02-26 00:00:00+00:00,110035.0
2014-03-05 00:00:00+00:00,46589.0
2021-02-19 00:00:00+00:00,118748.0
2014-07-07 00:00:00+00:00,53802.0
2014-10-27 00:00:00+00:00,50504.0
2019-12-03 00:00:00+00:00,108956.0
2014-03-19 00:00:00+00:00,46567.0
2021-03-30 00:00:00+00:00,116850.0
2016-03-18 00:00:00+00:00,50815.0
2014-04-10 00:00:00+00:00,51127.0
2021-07-22 00:00:00+00:00,126147.0
2023-01-18 00:00:00+00:00,112452.0
2014-07-24 00:00:00+00:00,57978.0
2017-03-21 00:00:00+00:00,62980.0
2017-01-23 00:00:00+00:00,65749.0
2016-03-14 00:00:00+00:00,48867.0
2018-02-01 00:00:00+00:00,85495.0
2024-07-19 00:00:00+00:00,127616.0
2014-09-02 00:00:00+00:00,61896.0
2015-01-02 00:00:00+00:00,48512.0
2019-05-13 00:00:00+00:00,91727.0
2022-02-15 00:00:00+00:00,114660.0
2015-10-20 00:00:00+00:00,47077.0
2019-06-19 00:00:00+00:00,100303.0
2019-05-09 00:00:00+00:00,94808.0
2024-07-26 00:00:00+00:00,127492.0
2015-10-01 00:00:00+00:00,45313.0
2016-05-05 00:00:00+00:00,51671.0
2022-09-02 00:00:00+00:00,110864.0
2023-12-20 00:00:00+00:00,130804.0
2021-06-14 00:00:00+00:00,130208.0
2017-01-30 00:00:00+00:00,64302.0
2015-07-28 00:00:00+00:00,49602.0
2014-12-10 00:00:00+00:00,49548.0
2023-06-22 00:00:00+00:00,118934.0
2021-12-29 00:00:00+00:00,104107.0
2015-01-29 00:00:00+00:00,47762.0
2017-02-09 00:00:00+00:00,64965.0
2015-10-06 00:00:00+00:00,47735.0
2016-09-20 00:00:00+00:00,57736.0
2015-01-05 00:00:00+00:00,47517.0
2020-05-05 00:00:00+00:00,79471.0
2023-07-07 00:00:00+00:00,118898.0
2024-08-12 00:00:00+00:00,131116.0
2023-12-18 00:00:00+00:00,131084.0
2015-10-22 00:00:00+00:00,47772.0
2019-11-27 00:00:00+00:00,107708.0
2016-11-23 00:00:00+00:00,61986.0
2022-09-13 00:00:00+00:00,110794.0
2023-07-04 00:00:00+00:00,119076.0
2022-04-01 00:00:00+00:00,121570.0
2021-08-27 00:00:00+00:00,120678.0
2018-09-06 00:00:00+00:00,76416.0
2014-05-05 00:00:00+00:00,53446.0
2022-10-19 00:00:00+00:00,116274.0
2019-11-12 00:00:00+00:00,106785.0
2021-08-17 00:00:00+00:00,117904.0
2020-09-16 00:00:00+00:00,99676.0
2022-01-21 00:00:00+00:00,108942.0
2015-12-02 00:00:00+00:00,44915.0
2016-02-05 00:00:00+00:00,40592.0
2015-08-19 00:00:00+00:00,46588.0
2015-07-22 00:00:00+00:00,50916.0
2022-10-31 00:00:00+00:00,116037.0
2020-07-28 00:00:00+00:00,104109.0
2024-05-27 00:00:00+00:00,124496.0
2016-10-11 00:00:00+00:00,61022.0
2018-12-26 00:00:00+00:00,85136.0
2014-04-02 00:00:00+00:00,51701.0
2017-06-12 00:00:00+00:00,61700.0
2024-01-05 00:00:00+00:00,132023.0
2019-01-30 00:00:00+00:00,96996.0
2014-11-24 00:00:00+00:00,55407.0
2015-07-06 00:00:00+00:00,52149.0
2021-05-10 00:00:00+00:00,121909.0
2023-03-20 00:00:00+00:00,100923.0
2024-06-07 00:00:00+00:00,120767.0
2023-06-13 00:00:00+00:00,116743.0
2023-09-29 00:00:00+00:00,116565.0
2014-01-15 00:00:00+00:00,50105.0
2021-10-29 00:00:00+00:00,103501.0
2021-05-28 00:00:00+00:00,125561.0
2016-11-10 00:00:00+00:00,61201.0
2015-01-13 00:00:00+00:00,48042.0
2020-07-06 00:00:00+00:00,98937.0
2015-07-29 00:00:00+00:00,50245.0
2020-05-14 00:00:00+00:00,79011.0
2017-09-20 00:00:00+00:00,76004.0
2022-03-16 00:00:00+00:00,111112.0
2022-09-20 00:00:00+00:00,112517.0
2018-11-30 00:00:00+00:00,89504.0
2021-11-03 00:00:00+00:00,105617.0
2016-12-26 00:00:00+00:00,58620.0
2014-02-27 00:00:00+00:00,47607.0
2017-07-04 00:00:00+00:00,63232.0
2016-03-10 00:00:00+00:00,49571.0
2023-02-13 00:00:00+00:00,108846.0
2019-07-10 00:00:00+00:00,105817.0
2018-08-06 00:00:00+00:00,81051.0
2018-02-21 00:00:00+00:00,86052.0
2015-07-03 00:00:00+00:00,52519.0
2016-09-12 00:00:00+00:00,58586.0
2015-06-12 00:00:00+00:00,53348.0
2017-11-20 00:00:00+00:00,73437.0
2019-06-12 00:00:00+00:00,98321.0
2018-02-27 00:00:00+00:00,86935.0
2015-11-25 00:00:00+00:00,46867.0
2019-08-14 00:00:00+00:00,100258.0
2023-07-12 00:00:00+00:00,117666.0
2020-03-26 00:00:00+00:00,77710.0
2019-01-21 00:00:00+00:00,96010.0
2022-06-08 00:00:00+00:00,108368.0
2020-04-03 00:00:00+00:00,69538.0
2023-05-31 00:00:00+00:00,108335.0
2019-01-11 00:00:00+00:00,93658.0
2020-10-30 00:00:00+00:00,93952.0
2019-01-15 00:00:00+00:00,94056.0
2024-02-15 00:00:00+00:00,127804.0
2014-04-29 00:00:00+00:00,51839.0
2018-09-13 00:00:00+00:00,74687.0
2017-04-17 00:00:00+00:00,64335.0
2021-06-18 00:00:00+00:00,128405.0
2023-07-20 00:00:00+00:00,118083.0
2022-06-24 00:00:00+00:00,98672.0
2014-07-18 00:00:00+00:00,57013.0
2018-07-30 00:00:00+00:00,80276.0
2017-10-03 00:00:00+00:00,76763.0
2017-09-26 00:00:00+00:00,74319.0
2017-05-02 00:00:00+00:00,66722.0
2020-03-02 00:00:00+00:00,106625.0
2018-11-14 00:00:00+00:00,85973.0
2016-01-18 00:00:00+00:00,37937.0
2024-10-02 00:00:00+00:00,133515.0
2022-01-17 00:00:00+00:00,106692.0
2021-11-22 00:00:00+00:00,102122.0
2019-07-29 00:00:00+00:00,103483.0
2017-08-09 00:00:00+00:00,67671.0
2017-05-09 00:00:00+00:00,66278.0
2024-08-08 00:00:00+00:00,128661.0
2020-10-07 00:00:00+00:00,95526.0
2023-05-10 00:00:00+00:00,107448.0
2023-04-14 00:00:00+00:00,106279.0
2023-02-15 00:00:00+00:00,109442.0
2016-08-19 00:00:00+00:00,59099.0
2014-09-11 00:00:00+00:00,58337.0
2014-02-25 00:00:00+00:00,46716.0
2024-05-28 00:00:00+00:00,123780.0
2016-11-18 00:00:00+00:00,59962.0
2014-05-15 00:00:00+00:00,53856.0
2018-10-31 00:00:00+00:00,87424.0
2023-05-25 00:00:00+00:00,110054.0
2021-05-13 00:00:00+00:00,120706.0
2018-08-20 00:00:00+00:00,76328.0
2019-05-02 00:00:00+00:00,95528.0
2014-11-12 00:00:00+00:00,52979.0
2016-01-27 00:00:00+00:00,38376.0
2020-10-02 00:00:00+00:00,94016.0
2016-01-11 00:00:00+00:00,39950.0
2024-04-17 00:00:00+00:00,124171.0
2021-06-24 00:00:00+00:00,129514.0
2019-08-02 00:00:00+00:00,102674.0
2020-02-11 00:00:00+00:00,115371.0
2023-11-22 00:00:00+00:00,126035.0
2022-05-13 00:00:00+00:00,106924.0
2020-03-13 00:00:00+00:00,82678.0
2018-11-21 00:00:00+00:00,87269.0
2019-09-11 00:00:00+00:00,103446.0
2023-02-24 00:00:00+00:00,105873.0
2020-09-28 00:00:00+00:00,94666.0
2018-10-19 00:00:00+00:00,84220.0
2020-03-17 00:00:00+00:00,74617.0
2017-10-31 00:00:00+00:00,74308.0
2017-01-11 00:00:00+00:00,62446.0
2014-12-09 00:00:00+00:00,50193.0
2016-12-15 00:00:00+00:00,58396.0
2024-11-05 00:00:00+00:00,130661.0
2018-08-21 00:00:00+00:00,75180.0
2023-05-09 00:00:00+00:00,107114.0
2018-11-07 00:00:00+00:00,87714.0
2018-04-11 00:00:00+00:00,85246.0
2022-09-05 00:00:00+00:00,112203.0
2018-04-06 00:00:00+00:00,84820.0
2018-09-05 00:00:00+00:00,75092.0
2020-01-03 00:00:00+00:00,117707.0
2022-12-26 00:00:00+00:00,108738.0
2017-07-26 00:00:00+00:00,65011.0
2014-08-01 00:00:00+00:00,55903.0
2024-09-06 00:00:00+00:00,134572.0
2017-06-08 00:00:00+00:00,62756.0
2016-11-24 00:00:00+00:00,61396.0
2024-05-06 00:00:00+00:00,128466.0
2015-01-26 00:00:00+00:00,48577.0
2014-04-23 00:00:00+00:00,51570.0
2015-08-06 00:00:00+00:00,50011.0
2023-03-30 00:00:00+00:00,103713.0
2022-12-14 00:00:00+00:00,103803.0
2024-05-16 00:00:00+00:00,128284.0
2015-08-07 00:00:00+00:00,48577.0
2019-07-01 00:00:00+00:00,101340.0
2023-01-30 00:00:00+00:00,111888.0
2021-08-31 00:00:00+00:00,118781.0
2016-06-01 00:00:00+00:00,49013.0
2022-06-30 00:00:00+00:00,98542.0
2019-03-21 00:00:00+00:00,96729.0
2021-05-05 00:00:00+00:00,119564.0
2017-07-10 00:00:00+00:00,63025.0
2020-03-25 00:00:00+00:00,74956.0
2014-02-21 00:00:00+00:00,47380.0
2023-03-07 00:00:00+00:00,104228.0
2022-08-17 00:00:00+00:00,113708.0
2023-04-12 00:00:00+00:00,106890.0
2017-12-04 00:00:00+00:00,73090.0
2020-04-29 00:00:00+00:00,83171.0
2018-07-03 00:00:00+00:00,73668.0
2023-01-05 00:00:00+00:00,107518.0
2021-08-16 00:00:00+00:00,119180.0
2016-09-22 00:00:00+00:00,58994.0
2016-12-09 00:00:00+00:00,60501.0
2015-08-31 00:00:00+00:00,46626.0
2020-02-06 00:00:00+00:00,115190.0
2020-08-19 00:00:00+00:00,100854.0
2017-05-04 00:00:00+00:00,64863.0
2016-06-30 00:00:00+00:00,51527.0
2014-06-20 00:00:00+00:00,54638.0
2015-09-08 00:00:00+00:00,46762.0
2020-07-16 00:00:00+00:00,100553.0
2024-09-03 00:00:00+00:00,134353.0
2014-05-14 00:00:00+00:00,54413.0
2022-05-23 00:00:00+00:00,110346.0
2017-01-16 00:00:00+00:00,63831.0
2020-07-23 00:00:00+00:00,102293.0
2014-01-17 00:00:00+00:00,49182.0
2015-02-25 00:00:00+00:00,51811.0
2018-04-12 00:00:00+00:00,85444.0
2018-10-10 00:00:00+00:00,83679.0
2019-10-15 00:00:00+00:00,104490.0
2024-03-14 00:00:00+00:00,127690.0
2024-03-13 00:00:00+00:00,128006.0
2023-11-07 00:00:00+00:00,119268.0
2020-04-24 00:00:00+00:00,75331.0
2023-05-15 00:00:00+00:00,109029.0
2020-10-14 00:00:00+00:00,99334.0
2017-06-09 00:00:00+00:00,62211.0
2022-11-21 00:00:00+00:00,109748.0
2017-08-10 00:00:00+00:00,66992.0
2016-01-06 00:00:00+00:00,41773.0
2021-03-09 00:00:00+00:00,111331.0
2015-05-12 00:00:00+00:00,56792.0
2016-02-03 00:00:00+00:00,39589.0
2019-06-05 00:00:00+00:00,95999.0
2018-01-26 00:00:00+00:00,85531.0
2024-03-25 00:00:00+00:00,126931.0
2021-03-08 00:00:00+00:00,110612.0
2021-03-12 00:00:00+00:00,114160.0
2022-05-05 00:00:00+00:00,105304.0
2015-06-11 00:00:00+00:00,53689.0
2024-05-17 00:00:00+00:00,128151.0
2019-04-12 00:00:00+00:00,92875.0
2020-07-30 00:00:00+00:00,105009.0
2016-03-28 00:00:00+00:00,50838.0
2023-02-10 00:00:00+00:00,108150.0
2018-12-05 00:00:00+00:00,89040.0
2023-09-25 00:00:00+00:00,115925.0
2017-11-06 00:00:00+00:00,74311.0
2021-02-24 00:00:00+00:00,115668.0
2022-08-15 00:00:00+00:00,113032.0
2018-01-17 00:00:00+00:00,81189.0
2018-05-21 00:00:00+00:00,81815.0
2023-09-15 00:00:00+00:00,118758.0
2017-12-29 00:00:00+00:00,76402.0
2020-10-01 00:00:00+00:00,95479.0
2014-08-15 00:00:00+00:00,56964.0
2024-02-19 00:00:00+00:00,129036.0
2016-05-10 00:00:00+00:00,53071.0
2019-11-28 00:00:00+00:00,108290.0
2016-11-03 00:00:00+00:00,61750.0
2018-11-12 00:00:00+00:00,85525.0
2017-08-11 00:00:00+00:00,67359.0
2015-12-18 00:00:00+00:00,43911.0
2016-04-08 00:00:00+00:00,50293.0
2018-07-31 00:00:00+00:00,79220.0
2018-06-28 00:00:00+00:00,71767.0
2016-01-29 00:00:00+00:00,40406.0
2016-07-25 00:00:00+00:00,56873.0
2023-05-24 00:00:00+00:00,108800.0
2020-09-10 00:00:00+00:00,98835.0
2018-01-23 00:00:00+00:00,80678.0
2021-10-11 00:00:00+00:00,112180.0
2018-08-13 00:00:00+00:00,77496.0
2024-03-20 00:00:00+00:00,129125.0
2014-06-24 00:00:00+00:00,54281.0
2016-12-27 00:00:00+00:00,58697.0
2024-01-22 00:00:00+00:00,126602.0
2021-12-14 00:00:00+00:00,106760.0
2018-05-04 00:00:00+00:00,83118.0
2021-04-19 00:00:00+00:00,120934.0
2017-05-11 00:00:00+00:00,67538.0
2014-06-27 00:00:00+00:00,53157.0
2016-08-25 00:00:00+00:00,57722.0
2023-12-07 00:00:00+00:00,126010.0
2023-10-10 00:00:00+00:00,116737.0
2024-08-23 00:00:00+00:00,135608.0
2016-07-27 00:00:00+00:00,56853.0
2015-06-30 00:00:00+00:00,53081.0
2015-01-30 00:00:00+00:00,46908.0
2014-03-11 00:00:00+00:00,45698.0
2017-12-22 00:00:00+00:00,75187.0
2017-07-14 00:00:00+00:00,65436.0
2017-02-14 00:00:00+00:00,66713.0
2018-11-23 00:00:00+00:00,86230.0
2018-07-10 00:00:00+00:00,74862.0
2014-01-08 00:00:00+00:00,50577.0
2020-06-03 00:00:00+00:00,93002.0
2023-04-20 00:00:00+00:00,104367.0
2018-04-27 00:00:00+00:00,86445.0
2017-05-22 00:00:00+00:00,61673.0
2016-09-30 00:00:00+00:00,58367.0
2020-11-25 00:00:00+00:00,110133.0
2023-06-21 00:00:00+00:00,120420.0
2022-11-04 00:00:00+00:00,118155.0
2018-08-09 00:00:00+00:00,78768.0
2016-05-02 00:00:00+00:00,53562.0
2014-03-17 00:00:00+00:00,45118.0
2017-06-13 00:00:00+00:00,61829.0
2021-12-27 00:00:00+00:00,105531.0
2021-05-07 00:00:00+00:00,122038.0
2017-05-16 00:00:00+00:00,68684.0
2018-06-22 00:00:00+00:00,70641.0
2018-09-04 00:00:00+00:00,74712.0
2021-09-03 00:00:00+00:00,116933.0
2017-11-24 00:00:00+00:00,74157.0
2015-08-12 00:00:00+00:00,48388.0
2023-07-13 00:00:00+00:00,119264.0
2014-01-29 00:00:00+00:00,47557.0
2016-10-05 00:00:00+00:00,60254.0
2014-02-20 00:00:00+00:00,47289.0
2024-04-22 00:00:00+00:00,125573.0
2016-02-18 00:00:00+00:00,41478.0
2017-09-14 00:00:00+00:00,74657.0
2021-06-02 00:00:00+00:00,129601.0
2021-08-12 00:00:00+00:00,120701.0
2016-03-08 00:00:00+00:00,49102.0
2020-11-10 00:00:00+00:00,105351.0
2024-08-22 00:00:00+00:00,135173.0
2014-12-26 00:00:00+00:00,50145.0
2017-03-03 00:00:00+00:00,66786.0
2019-09-02 00:00:00+00:00,100626.0
2014-08-18 00:00:00+00:00,57561.0
2020-10-13 00:00:00+00:00,98503.0
2016-07-13 00:00:00+00:00,54598.0
2024-06-13 00:00:00+00:00,119568.0
2019-06-03 00:00:00+00:00,97020.0
2016-04-25 00:00:00+00:00,51862.0
2021-02-01 00:00:00+00:00,117365.0
2021-04-28 00:00:00+00:00,121053.0
2022-04-28 00:00:00+00:00,109919.0
2014-07-10 00:00:00+00:00,54593.0
2024-10-17 00:00:00+00:00,130793.0
2022-01-31 00:00:00+00:00,112388.0
2017-12-07 00:00:00+00:00,72487.0
2024-10-14 00:00:00+00:00,131005.0
2014-10-07 00:00:00+00:00,57436.0
2018-07-27 00:00:00+00:00,79866.0
2017-12-25 00:00:00+00:00,75187.0
2016-10-27 00:00:00+00:00,64250.0
2016-06-16 00:00:00+00:00,49412.0
2014-09-23 00:00:00+00:00,56541.0
2015-03-20 00:00:00+00:00,51967.0
2024-02-06 00:00:00+00:00,130416.0
2018-04-04 00:00:00+00:00,84360.0
2024-04-10 00:00:00+00:00,128054.0
2024-06-14 00:00:00+00:00,119662.0
2018-04-17 00:00:00+00:00,84086.0
2022-11-17 00:00:00+00:00,109703.0
2019-01-02 00:00:00+00:00,91012.0
2014-01-24 00:00:00+00:00,47787.0
2024-10-22 00:00:00+00:00,129721.0
2016-03-21 00:00:00+00:00,51172.0
2016-08-29 00:00:00+00:00,58610.0
2023-10-27 00:00:00+00:00,113301.0
2023-12-12 00:00:00+00:00,126403.0
2020-01-21 00:00:00+00:00,117026.0
2017-11-08 00:00:00+00:00,74363.0
2023-05-22 00:00:00+00:00,110213.0
2017-03-22 00:00:00+00:00,63521.0
2014-11-26 00:00:00+00:00,55098.0
2022-05-11 00:00:00+00:00,104397.0
2021-04-01 00:00:00+00:00,115253.0
2024-10-01 00:00:00+00:00,132495.0
2023-03-02 00:00:00+00:00,103326.0
2022-05-26 00:00:00+00:00,111890.0
2020-10-22 00:00:00+00:00,101918.0
2018-03-13 00:00:00+00:00,86384.0
2015-11-24 00:00:00+00:00,48284.0
2017-11-01 00:00:00+00:00,73824.0
2024-10-16 00:00:00+00:00,131750.0
2016-08-02 00:00:00+00:00,56162.0
2024-02-09 00:00:00+00:00,128026.0
2018-11-22 00:00:00+00:00,87477.0
2018-08-23 00:00:00+00:00,75634.0
2019-09-10 00:00:00+00:00,103032.0
2023-11-10 00:00:00+00:00,120636.0
2020-02-21 00:00:00+00:00,113681.0
2024-08-09 00:00:00+00:00,130615.0
2019-03-27 00:00:00+00:00,91903.0
2024-06-05 00:00:00+00:00,121407.0
2020-06-16 00:00:00+00:00,93531.0
2014-08-26 00:00:00+00:00,59821.0
2020-11-09 00:00:00+00:00,103913.0
2017-11-03 00:00:00+00:00,73915.0
2024-08-02 00:00:00+00:00,125854.0
2017-07-17 00:00:00+00:00,65212.0
2021-09-23 00:00:00+00:00,114064.0
2021-08-04 00:00:00+00:00,121801.0
2022-11-09 00:00:00+00:00,113580.0
2014-05-27 00:00:00+00:00,52172.0
2024-10-08 00:00:00+00:00,131512.0
2015-01-09 00:00:00+00:00,48840.0
2014-06-03 00:00:00+00:00,52032.0
2019-10-22 00:00:00+00:00,107381.0
2019-10-18 00:00:00+00:00,104729.0
2020-08-18 00:00:00+00:00,102065.0
2016-05-18 00:00:00+00:00,50562.0
2016-07-15 00:00:00+00:00,55578.0
2020-10-27 00:00:00+00:00,99606.0
2022-06-20 00:00:00+00:00,99853.0
2022-11-08 00:00:00+00:00,116160.0
2015-08-18 00:00:00+00:00,47451.0
2018-08-17 00:00:00+00:00,76029.0
2023-01-27 00:00:00+00:00,112502.0
2020-10-06 00:00:00+00:00,95615.0
2022-04-13 00:00:00+00:00,116782.0
2024-05-08 00:00:00+00:00,129481.0
2015-10-28 00:00:00+00:00,46741.0
2023-04-05 00:00:00+00:00,100978.0
2019-05-07 00:00:00+00:00,94389.0
2022-04-04 00:00:00+00:00,121280.0
2017-07-20 00:00:00+00:00,64938.0
2024-08-06 00:00:00+00:00,126267.0
2016-07-11 00:00:00+00:00,53960.0
2023-08-17 00:00:00+00:00,114982.0
2024-02-01 00:00:00+00:00,128481.0
2021-03-16 00:00:00+00:00,114019.0
2015-01-22 00:00:00+00:00,49443.0
2020-07-29 00:00:00+00:00,105605.0
2019-10-11 00:00:00+00:00,103832.0
2022-11-07 00:00:00+00:00,115342.0
2021-12-07 00:00:00+00:00,107558.0
2021-04-07 00:00:00+00:00,117624.0
2016-08-03 00:00:00+00:00,57077.0
2023-08-07 00:00:00+00:00,119380.0
2024-04-23 00:00:00+00:00,125148.0
2021-11-23 00:00:00+00:00,103663.0
2015-12-21 00:00:00+00:00,43200.0
2021-06-07 00:00:00+00:00,130776.0
2020-12-22 00:00:00+00:00,116348.0
2014-08-06 00:00:00+00:00,56487.0
2020-03-05 00:00:00+00:00,102233.0
2022-01-03 00:00:00+00:00,103922.0
2019-07-05 00:00:00+00:00,104089.0
2023-11-09 00:00:00+00:00,119012.0
2024-08-29 00:00:00+00:00,136041.0
2016-08-30 00:00:00+00:00,58575.0
2021-03-25 00:00:00+00:00,113750.0
2014-10-01 00:00:00+00:00,52858.0
2018-08-08 00:00:00+00:00,79152.0
2016-06-20 00:00:00+00:00,50329.0
2022-10-26 00:00:00+00:00,112764.0
2021-10-08 00:00:00+00:00,112833.0
2014-10-16 00:00:00+00:00,54298.0
2023-05-16 00:00:00+00:00,108194.0
2015-03-10 00:00:00+00:00,48293.0
2017-02-03 00:00:00+00:00,64954.0
2015-08-13 00:00:00+00:00,48010.0
2014-07-02 00:00:00+00:00,53029.0
2014-10-23 00:00:00+00:00,50713.0
2017-05-18 00:00:00+00:00,61597.0
2023-03-27 00:00:00+00:00,99670.0
2019-10-14 00:00:00+00:00,104302.0
2020-12-21 00:00:00+00:00,116016.0
2020-10-26 00:00:00+00:00,101017.0
2020-11-12 00:00:00+00:00,102175.0
2024-07-31 00:00:00+00:00,127652.0
2018-08-16 00:00:00+00:00,76819.0
2020-09-04 00:00:00+00:00,101242.0
2023-10-13 00:00:00+00:00,115754.0
2021-02-02 00:00:00+00:00,118234.0
2017-06-14 00:00:00+00:00,61923.0
2020-05-26 00:00:00+00:00,85469.0
2023-02-14 00:00:00+00:00,107659.0
2016-08-04 00:00:00+00:00,57594.0
2014-01-03 00:00:00+00:00,50981.0
2022-09-12 00:00:00+00:00,113407.0
2016-10-26 00:00:00+00:00,63826.0
2020-07-31 00:00:00+00:00,102912.0
2019-03-14 00:00:00+00:00,98605.0
2024-05-23 00:00:00+00:00,124729.0
2024-01-09 00:00:00+00:00,131447.0
2020-02-12 00:00:00+00:00,116674.0
2021-06-21 00:00:00+00:00,129265.0
2018-07-24 00:00:00+00:00,79155.0
2024-07-11 00:00:00+00:00,128294.0
2020-07-24 00:00:00+00:00,102382.0
2022-01-19 00:00:00+00:00,108013.0
2016-09-05 00:00:00+00:00,59566.0
2016-10-04 00:00:00+00:00,59339.0
2019-01-22 00:00:00+00:00,95103.0
2015-04-14 00:00:00+00:00,53982.0
2016-08-15 00:00:00+00:00,59146.0
2019-10-07 00:00:00+00:00,100573.0
2019-12-11 00:00:00+00:00,110964.0
2016-11-11 00:00:00+00:00,59184.0
2019-02-27 00:00:00+00:00,97307.0
2021-02-17 00:00:00+00:00,120391.0
2017-11-27 00:00:00+00:00,74059.0
2019-04-04 00:00:00+00:00,96313.0
2019-08-20 00:00:00+00:00,99222.0
2019-08-30 00:00:00+00:00,101135.0
2023-01-03 00:00:00+00:00,104166.0
2020-01-09 00:00:00+00:00,115947.0
2022-03-18 00:00:00+00:00,115311.0
2020-02-27 00:00:00+00:00,102984.0
2020-09-09 00:00:00+00:00,101292.0
2019-06-13 00:00:00+00:00,98774.0
2024-08-14 00:00:00+00:00,133318.0
2024-09-10 00:00:00+00:00,134320.0
2020-08-11 00:00:00+00:00,102174.0
2018-03-21 00:00:00+00:00,84977.0
2017-03-20 00:00:00+00:00,64884.0
2020-06-05 00:00:00+00:00,94637.0
2021-05-03 00:00:00+00:00,119209.0
2020-12-04 00:00:00+00:00,113682.0
2018-09-28 00:00:00+00:00,79342.0
2024-05-09 00:00:00+00:00,128188.0
2018-04-03 00:00:00+00:00,84623.0
2016-03-11 00:00:00+00:00,49639.0
2020-09-30 00:00:00+00:00,94603.0
2024-06-28 00:00:00+00:00,123907.0
2024-03-12 00:00:00+00:00,127668.0
2021-01-29 00:00:00+00:00,116007.0
2021-09-29 00:00:00+00:00,111107.0
2014-05-22 00:00:00+00:00,52806.0
2018-02-02 00:00:00+00:00,84041.0
2016-04-14 00:00:00+00:00,52411.0
2017-06-27 00:00:00+00:00,61675.0
2019-12-18 00:00:00+00:00,114315.0
2021-07-30 00:00:00+00:00,121801.0
2018-03-02 00:00:00+00:00,85761.0
2014-10-29 00:00:00+00:00,51049.0
2015-08-03 00:00:00+00:00,50138.0
2017-07-06 00:00:00+00:00,62470.0
2015-08-10 00:00:00+00:00,49353.0
2024-06-20 00:00:00+00:00,120446.0
2018-02-16 00:00:00+00:00,84525.0
2019-12-19 00:00:00+00:00,115131.0
2017-11-09 00:00:00+00:00,72931.0
2020-04-28 00:00:00+00:00,81312.0
2021-08-19 00:00:00+00:00,117165.0
2022-08-22 00:00:00+00:00,110501.0
2017-03-31 00:00:00+00:00,64984.0
2021-01-20 00:00:00+00:00,119708.0
2023-11-16 00:00:00+00:00,124576.0
2016-01-14 00:00:00+00:00,39500.0
2017-02-22 00:00:00+00:00,68590.0
2021-07-05 00:00:00+00:00,126920.0
2014-10-21 00:00:00+00:00,52432.0
2022-10-13 00:00:00+00:00,114300.0
2022-05-31 00:00:00+00:00,111351.0
2023-03-03 00:00:00+00:00,103866.0
2021-03-29 00:00:00+00:00,115419.0
2015-07-14 00:00:00+00:00,53239.0
2023-05-29 00:00:00+00:00,110333.0
2015-09-09 00:00:00+00:00,46657.0
2020-10-29 00:00:00+00:00,96582.0
2015-07-31 00:00:00+00:00,50865.0
2020-02-14 00:00:00+00:00,114381.0
2018-08-29 00:00:00+00:00,78389.0
2020-01-08 00:00:00+00:00,116247.0
2022-03-03 00:00:00+00:00,115166.0
2018-08-15 00:00:00+00:00,77078.0
2019-07-03 00:00:00+00:00,102043.0
2024-05-03 00:00:00+00:00,128509.0
2014-04-04 00:00:00+00:00,51082.0
2022-04-25 00:00:00+00:00,110685.0
2018-09-25 00:00:00+00:00,78630.0
2015-12-29 00:00:00+00:00,43654.0
2015-07-15 00:00:00+00:00,52902.0
2022-12-29 00:00:00+00:00,110031.0
2017-01-31 00:00:00+00:00,64671.0
2023-02-09 00:00:00+00:00,107783.0
2017-03-14 00:00:00+00:00,64699.0
2018-04-26 00:00:00+00:00,86383.0
2017-07-18 00:00:00+00:00,65338.0
2015-05-14 00:00:00+00:00,56657.0
2023-06-07 00:00:00+00:00,115488.0
2018-01-29 00:00:00+00:00,84698.0
2019-02-18 00:00:00+00:00,96510.0
2015-11-03 00:00:00+00:00,48054.0
2017-04-18 00:00:00+00:00,64159.0
2023-05-02 00:00:00+00:00,101927.0
2017-12-28 00:00:00+00:00,76402.0
2021-12-23 00:00:00+00:00,104891.0
2014-10-22 00:00:00+00:00,52411.0
2014-08-27 00:00:00+00:00,60951.0
2020-05-12 00:00:00+00:00,77872.0
2023-11-08 00:00:00+00:00,119099.0
2016-11-01 00:00:00+00:00,63326.0
2020-01-15 00:00:00+00:00,116414.0
2018-07-13 00:00:00+00:00,76594.0
2024-07-08 00:00:00+00:00,126548.0
2018-02-05 00:00:00+00:00,81861.0
2020-05-20 00:00:00+00:00,81319.0
2021-11-17 00:00:00+00:00,102945.0
2023-01-25 00:00:00+00:00,114195.0
2014-02-19 00:00:00+00:00,47151.0
2017-02-16 00:00:00+00:00,67814.0
2024-04-16 00:00:00+00:00,124389.0
2019-12-10 00:00:00+00:00,110672.0
2019-08-06 00:00:00+00:00,102164.0
2022-08-11 00:00:00+00:00,109718.0
2019-06-27 00:00:00+00:00,100724.0
2024-07-05 00:00:00+00:00,126267.0
2022-03-23 00:00:00+00:00,117457.0
2014-12-18 00:00:00+00:00,48496.0
2022-04-22 00:00:00+00:00,111078.0
2023-07-06 00:00:00+00:00,117426.0
2016-06-08 00:00:00+00:00,51629.0
2023-10-18 00:00:00+00:00,114060.0
2019-03-22 00:00:00+00:00,93735.0
2022-11-30 00:00:00+00:00,112486.0
2022-05-03 00:00:00+00:00,106528.0
2016-08-11 00:00:00+00:00,58300.0
2020-02-26 00:00:00+00:00,105718.0
2019-02-06 00:00:00+00:00,94636.0
2021-08-25 00:00:00+00:00,120818.0
2016-04-13 00:00:00+00:00,53150.0
2014-10-06 00:00:00+00:00,57116.0
2021-04-13 00:00:00+00:00,119297.0
2017-11-30 00:00:00+00:00,71971.0
2022-03-31 00:00:00+00:00,119999.0
2024-04-18 00:00:00+00:00,124196.0
2018-05-07 00:00:00+00:00,82714.0
2015-12-01 00:00:00+00:00,45047.0
2017-01-06 00:00:00+00:00,61665.0
2023-04-04 00:00:00+00:00,101869.0
2014-01-31 00:00:00+00:00,47639.0
2015-11-09 00:00:00+00:00,46195.0
2018-10-01 00:00:00+00:00,78624.0
2023-05-11 00:00:00+00:00,108256.0
2017-11-02 00:00:00+00:00,73824.0
2018-11-16 00:00:00+00:00,88515.0
2023-10-16 00:00:00+00:00,116534.0
2020-02-05 00:00:00+00:00,116028.0
2023-08-15 00:00:00+00:00,116171.0
2017-02-08 00:00:00+00:00,64835.0
2020-10-09 00:00:00+00:00,97483.0
2014-07-15 00:00:00+00:00,55974.0
2022-08-05 00:00:00+00:00,106472.0
2019-12-16 00:00:00+00:00,111896.0
2015-05-05 00:00:00+00:00,58052.0
2018-12-20 00:00:00+00:00,85269.0
2015-11-18 00:00:00+00:00,47436.0
2022-09-23 00:00:00+00:00,111716.0
2020-08-04 00:00:00+00:00,101216.0
2018-05-24 00:00:00+00:00,80122.0
2018-07-16 00:00:00+00:00,76653.0
2019-03-19 00:00:00+00:00,99588.0
2017-06-22 00:00:00+00:00,61272.0
